budget,popularity,release_date,revenue,runtime,title,vote_average,vote_count,tsne_x,tsne_y
0.15263024099511735,0.02601861403607537,0.7142857142857153,0.12632655826367598,0.5136986301369864,GoldenEye,0.6666666666666665,0.09702405218100285,0.3816346,-14.830027
0.009208961908887224,0.02580585631023299,0.7142857142857153,0.01012061382388466,0.2465753424657534,Friday,0.7368421052631577,0.0415002038320424,-6.328618,-18.786346
0.049998499997631576,0.027212535019947998,0.7272727272727302,0.009267194958958967,0.363013698630137,From Dusk Till Dawn,0.7192982456140351,0.13371381981247452,-5.537369,-13.605693
0.005261587255137771,0.020245881215094536,0.7142857142857153,0.000457322800039784,0.1917808219178082,Blue in the Face,0.7017543859649122,0.001956787607011822,-6.7890277,-19.39781
0.039472167587633035,0.012012556102314439,0.7142857142857153,0.023673180237353524,0.2534246575342466,Mighty Morphin Power Rangers: The Movie,0.4210526315789474,0.012148389726865064,-28.365772,2.09263
6.947379390599038e-05,0.018390827471256505,0.701298701298704,0.001130261643050482,0.2534246575342466,Clerks,0.8070175438596492,0.06237260497350183,-6.064094,-18.086847
0.02894583517763449,0.07622315803334427,0.480519480519483,0.27812328447569257,0.452054794520548,Star Wars,0.9298245614035086,0.5523033020790868,11.814915,-18.834576
0.09210382963762574,0.015460660419021832,0.701298701298704,0.0035049427432087494,0.23287671232876717,The Swan Princess,0.6491228070175439,0.020138605788830005,-6.859256,-20.434298
0.11841966066262209,0.038668116162230426,0.701298701298704,0.28273014596757035,0.23287671232876717,The Lion King,0.9122807017543859,0.4497350183448838,15.421605,-9.227304
0.16578815650761553,0.01537531675922875,0.6883116883116891,0.33002565358165115,0.4931506849315068,Jurassic Park,0.8421052631578947,0.40375050958010594,12.042701,-16.236063
0.0736827479201283,0.17516132649881117,0.5454545454545467,0.011886668938046139,0.4246575342465754,Blade Runner,0.8947368421052633,0.3121891561353444,8.753377,-19.47152
0.04736691689513194,0.00045629408339311695,0.6493506493506516,0.17097942769180738,0.3287671232876712,Home Alone,0.7543859649122806,0.20244598450876475,7.2621584,-16.075754
0.0736827479201283,0.029073961295123876,0.6753246753246778,0.1807950255009775,0.23972602739726034,Aladdin,0.8070175438596492,0.28463106400326127,8.360139,-14.698344
0.06578799861262939,0.0420093078296854,0.6623376623376629,0.13534981293687914,0.1986301369863014,Beauty and the Beast,0.8245614035087718,0.24663677130044842,7.854836,-14.52639
0.21052506925010933,0.028043055366343737,0.7272727272727302,0.16416861213011308,0.37671232876712324,Mission: Impossible,0.6842105263157894,0.21793721973094168,6.654505,0.5424656
0.01052475346013704,0.034541701037083226,0.7272727272727302,0.005915095593160848,0.26027397260273977,Trainspotting,0.8771929824561402,0.22282918874847124,6.4899387,-14.116187
0.13157757617512028,0.02152776177739032,0.7272727272727302,0.015164237600081539,0.28767123287671237,Escape from L.A.,0.4912280701754385,0.030737871993477373,-24.683538,-4.1338787
0.01578791966513631,0.0743212096978798,0.4155844155844157,0.0879015351170357,0.821917808219178,The Godfather,1.0,0.4908275580921321,9.683125,-21.354372
0.007630012047387443,0.02556310783593143,0.12987012987013102,0.09454616782294017,0.13013698630136994,Cinderella,0.7017543859649122,0.1431716265796983,0.58387274,-26.027466
0.03157741828013413,0.017812691173655092,0.5324675324675354,0.010688799561714167,0.18493150684931514,The Fox and the Hound,0.7368421052631577,0.07174887892376682,-2.8181176,-22.915302
0.01578791966513631,0.024845172532575063,0.6103896103896105,0.07674209228718365,0.3082191780821918,Dirty Dancing,0.7543859649122806,0.11145536078271503,-2.3248653,-20.35297
0.12894599307262064,0.029569373507633046,0.6753246753246778,0.12658954218819454,0.4931506849315068,Basic Instinct,0.6491228070175439,0.07052588666938442,0.5178812,-15.374417
0.01578791966513631,0.01768004527034563,0.5324675324675354,0.018021997561693284,0.3013698630136986,Escape from New York,0.7192982456140351,0.05837749694251936,-2.2114499,-21.700916
0.04736691689513194,0.03476562257499682,0.5194805194805205,0.19311576120895663,0.4726027397260274,The Empire Strikes Back,0.9473684210526314,0.4887077048512026,11.166983,-18.705994
0.04736691689513194,0.03555280568661737,0.5324675324675354,0.1398604210713346,0.410958904109589,Raiders of the Lost Ark,0.8596491228070176,0.3216469629025683,9.216767,-18.224483
0.003156320773138063,0.029862517261315485,0.33766233766234066,0.002152107294304866,0.726027397260274,"The Good, the Bad and the Ugly",0.9298245614035086,0.19298817774154095,7.6010985,-21.992083
0.08513013441600172,0.02583590372778898,0.5584415584415616,0.20541864124139944,0.547945205479452,Return of the Jedi,0.8947368421052633,0.3880146759070526,10.769132,-17.866135
0.02894583517763449,0.04190677149713488,0.5064935064935092,0.03763741572277444,0.4246575342465754,Alien,0.8947368421052633,0.3717896453322462,9.448648,-19.124882
0.016840552906136168,0.03444133458252985,0.571428571428573,0.028110538530570918,0.363013698630137,The Terminator,0.8070175438596492,0.34276396249490415,8.45902,-18.430435
0.049998499997631576,0.04629604714184438,0.5844155844155878,0.1366981831218319,0.4178082191780822,Back to the Future,0.9122807017543859,0.5083571137382796,10.821455,-19.077381
0.005998430523837669,0.013865695893108659,0.0,0.02988559662691357,0.4726027397260274,Fantasia,0.7719298245614035,0.06742763962494903,2.7558353,-25.007797
0.126314409970121,0.026206812106575255,0.6363636363636367,0.17007810040771862,0.4931506849315068,Indiana Jones and the Last Crusade,0.8421052631578947,0.26229107215654296,9.510777,-16.965881
0.12105124376512173,0.015274264791407526,0.7272727272727302,0.053802682357621645,0.3835616438356164,Star Trek: First Contact,0.7368421052631577,0.05438238891153689,-4.965593,-14.316457
0.01841950276763595,0.03523205494261245,0.4545454545454568,0.1688163177489604,0.4726027397260274,Jaws,0.8245614035087718,0.21394211169995922,6.9200325,-20.002674
0.23684090027510568,0.02802029084174529,0.7402597402597415,0.2114052796960294,0.29452054794520555,Men in Black,0.7192982456140351,0.3682837342030167,14.2247305,-7.768912
0.07894591412512757,0.02825836685761325,0.6493506493506516,0.07144996217092155,0.5410958904109588,The Hunt for Red October,0.7719298245614035,0.07884223399918466,1.376837,-14.519336
0.08420908033012683,0.013873245679231809,0.7402597402597415,0.028365676230578993,0.32191780821917804,Home Alone 3,0.40350877192982454,0.051202609050142685,-27.835402,1.4014224
0.2894725623250984,0.03054033267216706,0.7402597402597415,0.11944592475450895,0.4383561643835616,Tomorrow Never Dies,0.5614035087719298,0.0763962494904199,6.145821,5.992013
0.0007878959808883908,0.024166307829414847,0.49350649350649434,0.025107918433556767,0.2465753424657534,Halloween,0.8070175438596492,0.08658785161027313,-1.6655972,-23.012222
0.006577378806387589,0.023852589537520286,0.5324675324675354,0.00915858599487548,0.2534246575342466,Halloween II,0.631578947368421,0.02984101100693029,-3.7987914,-21.657463
0.021051085870135582,0.02135997372191828,0.4285714285714306,0.1582896956126768,0.45890410958904115,The Exorcist,0.8245614035087718,0.16649001222992252,6.3365974,-20.449198
0.10526174515012392,0.02419755992228685,0.6363636363636367,0.11908327028486924,0.363013698630137,Back to the Future Part II,0.8070175438596492,0.31977170811251526,8.59536,-16.705744
0.10526174515012392,0.023016912303315002,0.6493506493506516,0.08770826583883976,0.43150684931506844,Back to the Future Part III,0.7543859649122806,0.2424785976355483,7.806471,-16.996845
0.0022563193520831874,0.02421269057113463,0.025974025974026205,0.0959291603926746,0.10273972602739728,Bambi,0.7017543859649122,0.11789645332246229,1.0665193,-26.220385
0.14210390858511882,0.030587446628039208,0.6493506493506516,0.04905587327392526,0.7328767123287672,The Godfather: Part III,0.7543859649122806,0.12922951487973908,1.266059,-13.315306
0.01052475346013704,0.04093430785948238,0.350649350649352,0.0738329231452101,0.15753424657534243,The Jungle Book,0.7543859649122806,0.1456991439054219,-0.67241275,-25.035946
0.01052475346013704,0.027922481808689795,0.2727272727272734,0.07743282547067276,0.1643835616438356,One Hundred and One Dalmatians,0.7017543859649122,0.1336322869955157,-0.037446342,-25.424664
0.0736827479201283,0.028059195090721776,0.571428571428573,0.11944195483392005,0.43150684931506844,Indiana Jones and the Temple of Doom,0.7543859649122806,0.23130860171218914,7.510097,-17.720753
0.11841966066262209,0.026671986785848825,0.7532467532467564,0.04705350530094353,0.4452054794520548,Blade,0.6491228070175439,0.15866286180187525,1.5724504,-3.4674242
0.039472167587633035,0.029940141127694993,0.5454545454545467,0.007040891613575647,0.36986301369863017,The Thing,0.8771929824561402,0.1324908275580921,5.0533686,-19.233154
0.05263008310013121,0.023519115667264247,0.7532467532467564,0.0,0.363013698630137,Vampires,0.5263157894736841,0.021035466775377088,-24.051365,-5.3359323
0.07894591412512757,0.02264545368587907,0.5844155844155878,0.05467355409533505,0.5205479452054794,A View to a Kill,0.5614035087719298,0.04166326946596005,1.1479126,-17.691929
0.015261603044636385,0.03168358965545781,0.36363636363636687,0.011978423315169727,0.3904109589041096,Planet of the Apes,0.8245614035087718,0.07778230737871994,0.8312523,-23.259306
0.16578815650761553,0.06016685604991344,0.7662337662337677,0.16625652349856704,0.5547945205479452,The Matrix,0.8947368421052633,0.7399103139013452,27.178747,-3.889899
0.21052506925010933,0.04301574002078594,0.7662337662337677,0.14917169872005645,0.4726027397260274,The Mummy,0.6666666666666665,0.22763962494904197,6.068554,0.89913577
0.30263047783759656,0.027779112649835926,0.7662337662337677,0.3315384264709768,0.5547945205479452,Star Wars: Episode I - The Phantom Menace,0.631578947368421,0.36869139828781083,20.181635,2.2442646
0.003156320773138063,0.015074882800447248,0.4545454545454568,0.0404927305318153,0.3082191780821918,The Rocky Horror Picture Show,0.8070175438596492,0.05699143905421932,-0.76691604,-22.767023
0.3947358864250838,0.021937371493225805,0.7662337662337677,0.1606906779747633,0.226027397260274,Tarzan,0.7543859649122806,0.13950264981655114,14.943114,11.537742
0.00015631603628847837,0.02629711522635674,0.7662337662337677,0.08895376816460113,0.17808219178082196,The Blair Witch Project,0.6140350877192982,0.08854463921728495,-21.581371,-9.137869
0.07894591412512757,0.039552826789457804,0.571428571428573,0.10588815060007241,0.3561643835616438,Ghostbusters,0.7894736842105263,0.1978801467590705,6.867707,-17.53996
0.0007878959808883908,0.011254120675094051,0.5064935064935092,0.004300078597074626,0.23287671232876717,Phantasm,0.6491228070175439,0.0132083163473298,-3.5287042,-22.332941
0.006577378806387589,0.024378508004466053,0.31168831168831446,0.044792907408456366,0.37671232876712324,Goldfinger,0.7719298245614035,0.08161434977578474,1.2962979,-23.821264
0.005261587255137771,0.022089604795641694,0.2987012987012996,0.02829976794469091,0.410958904109589,From Russia with Love,0.7192982456140351,0.06269873624133714,2.15034,-23.07657
0.002498424997513154,0.03560770158910604,0.28571428571428825,0.021377599123428334,0.37671232876712324,Dr. No,0.7192982456140351,0.07737464329392581,2.0157335,-23.758204
0.0736827479201283,0.017023010965704223,0.5324675324675354,0.07005568430922034,0.4931506849315068,For Your Eyes Only,0.6140350877192982,0.04019567876070118,0.92913383,-18.939533
0.08420908033012683,0.01953247395537668,0.6363636363636367,0.05601469535188623,0.5342465753424658,Licence to Kill,0.5438596491228072,0.04443538524256013,1.3934324,-16.934397
0.01841950276763595,0.017038814331572175,0.4285714285714306,0.058027210152076056,0.452054794520548,Live and Let Die,0.631578947368421,0.0437015898899307,1.2613983,-20.92857
0.014472128113886495,0.0183989951333384,0.3246753246753258,0.05064470091766253,0.5136986301369864,Thunderball,0.6491228070175439,0.04631064003261313,2.8648727,-21.988695
0.005261587255137771,0.014244152229982704,0.6363636363636367,0.0,0.2808219178082192,Bride of Re-Animator,0.5789473684210524,0.005381165919282511,-5.5397124,-21.74559
0.35526213988758926,0.021346321953693657,0.7662337662337677,0.12978369122597266,0.5,The World Is Not Enough,0.5614035087719298,0.07125968202201385,6.8389883,6.8630853
0.23684090027510568,0.03124982428009901,0.7662337662337677,0.17839781112007877,0.2534246575342466,Toy Story 2,0.7894736842105263,0.31879331430900937,13.672305,-8.192994
0.0034194790833880265,0.010069637837893055,0.4025974025974044,0.010449556967497275,0.43150684931506844,The Last Picture Show,0.8421052631578947,0.010517733387688546,0.61143833,-22.535675
0.01578791966513631,0.021945517218883128,0.7662337662337677,1.0929476894127261e-05,0.363013698630137,The Boondock Saints,0.7719298245614035,0.06881369751324908,-6.623062,-14.166659
0.06052483240763012,0.01091604929585503,0.7792207792207826,0.019077591483483307,0.363013698630137,Pitch Black,0.6842105263157894,0.14741133306155726,-5.5561447,-12.618913
0.21841981855760825,0.010238206464472743,0.7792207792207826,0.021330351401204616,0.23972602739726034,The Flintstones in Viva Rock Vegas,0.28070175438596506,0.011088463106400326,-24.249815,10.784678
0.3289463088625929,0.03385310570159044,0.7792207792207826,0.19598097104865214,0.4657534246575342,Mission: Impossible II,0.5438596491228072,0.15996738687321646,6.0893183,7.2721972
0.01710371121638613,0.01627560224790147,0.3766233766233782,0.029402984055373862,0.595890410958904,On Her Majesty's Secret Service,0.6491228070175439,0.03750509580105993,3.052909,-20.939756
0.0368405844851334,0.017052859127403692,0.480519480519483,0.0665139868015858,0.4794520547945206,The Spy Who Loved Me,0.6666666666666665,0.04166326946596005,0.98671365,-20.08612
0.08947224653512612,0.018505821864927916,0.5064935064935092,0.07543426565154832,0.48630136986301364,Moonraker,0.5438596491228072,0.044598450876477784,1.7894528,-18.789692
0.01841950276763595,0.021341505080464965,0.4415584415584419,0.034997568819985725,0.4794520547945206,The Man with the Golden Gun,0.631578947368421,0.043130860171218914,1.932767,-20.333296
0.07894591412512757,0.012982550064167332,0.7662337662337677,0.04804553350563532,0.1986301369863014,Pokémon: The Movie 2000,0.631578947368421,0.01606196494088871,-20.616829,-9.929069
0.007893170357637406,0.015136604587048234,0.6233766233766254,0.002612246126739248,0.28767123287671237,Phantasm II,0.6140350877192982,0.00758255197717081,-5.098777,-21.465343
0.0017089500667632634,0.013047957170096228,0.7532467532467564,0.0,0.23972602739726034,Phantasm IV: Oblivion,0.36842105263157904,0.0035874439461883404,-28.50624,2.9276056
0.0736827479201283,0.010876726426776314,0.7792207792207826,0.03244299199504287,0.29452054794520555,Bring It On,0.5263157894736841,0.04647370566653078,-23.176682,-5.1350408
0.018945819388135873,0.021117420847402476,0.4025974025974044,0.04161441889677437,0.4452054794520548,Diamonds Are Forever,0.6140350877192982,0.04549531186302486,1.9131813,-21.19865
0.10526174515012392,0.02145401334601834,0.6103896103896105,0.06857542725031979,0.5136986301369864,The Living Daylights,0.5964912280701755,0.03611903791275989,0.6407374,-17.075123
0.04210375069013267,0.017936067109547968,0.7792207792207826,0.024538067323366018,0.26027397260273977,Pokémon: Spell of the Unknown,0.5614035087719298,0.011333061557276805,-22.133146,-5.9645004
0.15789340720011663,0.032054223828936954,0.7922077922077939,0.17375010191438597,0.23972602739726034,Shrek,0.7894736842105263,0.34072564207093353,13.403386,-8.632506
0.31578839335009473,0.019100534787363403,0.7922077922077939,0.0667345964508486,0.273972602739726,Atlantis: The Lost Empire,0.6842105263157894,0.10216061964940888,-4.4457464,6.9014435
0.15789340720011663,0.014056343531018957,0.7922077922077939,0.03349222392898638,0.2191780821917808,Cats & Dogs,0.3859649122807018,0.029270281288218507,-23.380247,9.91893
0.026314252075134853,0.026792284310160248,0.6363636363636367,0.014521357957019495,0.23972602739726034,Bill & Ted's Excellent Adventure,0.6842105263157894,0.03750509580105993,-5.295609,-20.41373
0.01052475346013704,0.017919099285142376,0.4025974025974044,0.012904035336651975,0.32191780821917804,Dirty Harry,0.8070175438596492,0.051039543416225026,-0.13893129,-23.36282
0.30263047783759656,0.0474686459210341,0.7922077922077939,0.20187349498182577,0.2534246575342466,"Monsters, Inc.",0.8245614035087718,0.5011006930289441,16.139935,-6.8769894
0.3289463088625929,0.06897964278594611,0.7922077922077939,0.3502466923108926,0.6643835616438356,Harry Potter and the Philosopher's Stone,0.8245614035087718,0.5857317570322055,27.722952,-1.2582821
0.2236829847626075,0.021318544956080755,0.7922077922077939,0.16166527769721672,0.4178082191780822,Ocean's Eleven,0.7719298245614035,0.31414594374235627,11.526523,-6.4685197
0.2447356495826046,0.05779844061416111,0.7922077922077939,0.3125463686984829,0.8424657534246576,The Lord of the Rings: The Fellowship of the Ring,0.9122807017543859,0.7246636771300448,29.061987,-2.9569128
0.155261824097617,0.03084986659107472,0.8051948051948052,0.13746841299666532,0.17808219178082196,Ice Age,0.7543859649122806,0.32205462698736237,13.092969,-9.042697
0.08684066343262647,0.013396499535997091,0.8051948051948052,0.036939078785529995,0.3082191780821918,Resident Evil,0.631578947368421,0.17089278434569913,-5.5647173,-11.475705
0.14210390858511882,0.03034119380991245,0.8051948051948052,0.055599703426271775,0.4246575342465754,Blade II,0.6140350877192982,0.12653893192009782,0.9989744,-2.5225625
0.15789340720011663,0.016516634196980365,0.8051948051948052,0.05930245711143656,0.2534246575342466,The Scorpion King,0.43859649122807015,0.06506318793314309,-22.516619,9.72112
0.3657884722975878,0.05294064864150173,0.8051948051948052,0.2947341610666303,0.452054794520548,Spider-Man,0.7017543859649122,0.439788014675907,21.160713,1.3315628
0.31578839335009473,0.024897068629003666,0.8051948051948052,0.23292914643303064,0.595890410958904,Star Wars: Episode II - Attack of the Clones,0.631578947368421,0.3318385650224215,19.970757,3.0332696
0.17894607202011373,0.016114501145852795,0.8051948051948052,0.06922611796680651,0.4726027397260274,The Sum of All Fears,0.5438596491228072,0.03611903791275989,-0.83028483,-0.98047686
0.15789340720011663,0.03763411536955041,0.8051948051948052,0.07677076911688026,0.4383561643835616,The Bourne Identity,0.7894736842105263,0.29645332246229106,10.218083,-6.7110643
0.36842005540008743,0.029838623010851634,0.8051948051948052,0.1584735781162241,0.226027397260274,Men in Black II,0.5789473684210524,0.2596004891969017,13.651146,12.472506
0.16578815650761553,0.015234333186546968,0.8051948051948052,0.10640571949170897,0.26712328767123283,Austin Powers in Goldmember,0.5438596491228072,0.08096208724011414,-8.273647,10.859631
0.18420923822511298,0.022428983220178066,0.8051948051948052,0.09951644778254715,0.4726027397260274,xXx,0.5263157894736841,0.1182225845902976,0.17233741,0.09816887
0.02894583517763449,0.008653937773573265,0.8051948051948052,0.0,0.2808219178082192,Heaven,0.7017543859649122,0.005707297187117814,-12.596294,-13.341024
0.36842005540008743,0.022930034921837338,0.8051948051948052,0.15494136494543556,0.5342465753424658,Die Another Day,0.5263157894736841,0.09033836119037912,7.044452,7.5466948
0.2078934861476097,0.05295928729024547,0.8051948051948052,0.33224497836044814,0.8493150684931507,The Lord of the Rings: The Two Towers,0.9122807017543859,0.6226661231145536,29.126106,-2.644303
0.01841950276763595,0.0192970997758017,0.8181818181818201,0.006036497759055331,0.23287671232876717,House of 1000 Corpses,0.5614035087719298,0.024949041989400733,-20.812338,-6.0077014
0.21052506925010933,0.028324658732666506,0.8181818181818201,0.17380878880424802,0.31506849315068497,Bruce Almighty,0.631578947368421,0.2541377904606604,9.619609,3.4857361
0.24736723268510424,0.04578289018989273,0.8181818181818201,0.33728382768661264,0.3082191780821918,Finding Nemo,0.8421052631578947,0.5126783530370974,16.752407,-6.3211994
0.36842005540008743,0.08568683870317387,0.8181818181818201,0.23494240550365972,0.6027397260273972,Pirates of the Caribbean: The Curse of the Black Pearl,0.8245614035087718,0.5859763554830819,26.706425,-1.5805548
0.21052506925010933,0.023548784681496387,0.8181818181818201,0.04183816595978772,0.4246575342465754,S.W.A.T.,0.5263157894736841,0.06326946596004891,-0.20168684,-0.7042812
0.057893249305130484,0.03687403105441644,0.8181818181818201,0.034329144739393934,0.452054794520548,Underworld,0.6666666666666665,0.20807174887892374,2.2833157,-4.24239
0.01841950276763595,0.009594158523177307,0.8181818181818201,0.004956368020687484,0.23972602739726034,House of the Dead,0.0,0.008316347329800244,-33.84364,7.747059
0.07894591412512757,0.04535160363051045,0.8181818181818201,0.0649036104661952,0.3835616438356164,Kill Bill: Vol. 1,0.8596491228070176,0.41475743986954744,12.934345,-5.900241
0.26315673130010203,0.0216585101799744,0.8181818181818201,0.0,0.20547945205479456,Brother Bear,0.7192982456140351,0.11463514064410925,-4.8279166,6.804006
0.06052483240763012,0.0191527087451699,0.8181818181818201,0.027435382658362536,0.2465753424657534,Bad Santa,0.631578947368421,0.053974724826742766,-19.833612,-9.078951
0.03157741828013413,0.014384285766212366,0.5584415584415616,0.028539692756920094,0.40410958904109595,WarGames,0.7368421052631577,0.0418263350998777,-0.8736286,-20.71355
0.24736723268510424,0.05277798456920237,0.8181818181818201,0.4013281888705373,1.0,The Lord of the Rings: The Return of the King,0.9298245614035086,0.6703628210354667,29.678713,-2.817272
0.06841958171512902,0.022190660419533683,0.8311688311688314,0.010336928225672577,0.3082191780821918,Agent Cody Banks 2: Destination London,0.4210526315789474,0.011496127191194456,-25.037298,6.082754
0.17368290581511445,0.02331461700527281,0.8311688311688314,0.035624186064278356,0.45890410958904115,Hellboy,0.6491228070175439,0.18540562576437014,2.354814,-2.270125
0.04473533379263231,0.02011186428524939,0.8311688311688314,0.04628568399285697,0.28767123287671237,Mean Girls,0.7192982456140351,0.19543416225030572,-6.4832797,-11.491884
0.42105171745008013,0.022284442290645034,0.8311688311688314,0.10769771701951014,0.5273972602739726,Van Helsing,0.5614035087719298,0.13615980432123928,7.3899856,8.482744
0.024998460523885036,0.018109862089281673,0.350649350649352,0.040023739006025794,0.4246575342465754,You Only Live Twice,0.6491228070175439,0.04378312270688952,1.8946145,-22.0994
0.07236695636887848,0.01858448039933301,0.5584415584415616,0.06725335294702706,0.5205479452054794,Octopussy,0.5964912280701755,0.04321239298817774,0.7267639,-18.198084
0.09473541274012538,0.01787645121970579,0.5584415584415616,0.05738952784812976,0.5410958904109588,Never Say Never Again,0.5263157894736841,0.028047289033836117,1.826742,-17.829622
0.3947358864250838,0.028840778929970605,0.8311688311688314,0.32993195011268805,0.26027397260273977,Shrek 2,0.6842105263157894,0.2509580105992662,14.271876,10.332081
0.5263150415500656,0.018977880925445983,0.8311688311688314,0.2811248765827891,0.4931506849315068,Spider-Man 2,0.6842105263157894,0.36102731349368117,23.986984,7.13195
0.007103695426887516,0.012057763417284298,0.8311688311688314,0.005736303899418235,0.17123287671232879,Before Sunset,0.8421052631578947,0.05951895637994293,-15.315729,-13.206611
0.049998499997631576,0.01450075721247155,0.8311688311688314,0.02513227634259826,0.273972602739726,A Cinderella Story,0.5789473684210524,0.0597635548308194,-20.18127,-4.783565
0.19736715373761116,0.03647172982403383,0.8311688311688314,0.10348057023570612,0.363013698630137,The Bourne Supremacy,0.7719298245614035,0.23391765185487157,10.374408,-5.988546
0.18420923822511298,0.02227145044319292,0.8311688311688314,0.0614010067049308,0.31506849315068497,AVP: Alien vs. Predator,0.4912280701754385,0.10085609457806767,-7.6061893,10.539159
0.24210406648010496,0.03979135798613561,0.8311688311688314,0.2264885220207207,0.410958904109589,The Incredibles,0.8070175438596492,0.43098247044435384,16.490095,-4.707455
0.2894725623250984,0.020869606887060414,0.8311688311688314,0.13011076849256112,0.4794520547945206,Ocean's Twelve,0.631578947368421,0.17651854871585812,5.7118187,3.6136312
0.1710513227126148,0.033650012798806916,0.8311688311688314,0.04623636307393974,0.4657534246575342,Blade: Trinity,0.5087719298245614,0.10370974317162658,-0.5170624,-0.11813572
0.03157741828013413,0.012255578781923137,0.8311688311688314,0.006912321854337482,0.5068493150684932,2046,0.7192982456140351,0.01663269465960049,-4.441186,-6.7960553
0.21052506925010933,0.020882474428106628,0.8311688311688314,0.18531183959550063,0.410958904109589,Meet the Fockers,0.5789473684210524,0.1147982062780269,4.702974,4.7800155
0.05263008310013121,0.01691180426134205,0.8441558441558463,0.024101040329849725,0.23287671232876717,Boogeyman,0.31578947368421045,0.015491235222176925,-29.268908,6.126918
0.26315673130010203,0.016749843982664346,0.8441558441558463,0.08281478454539914,0.452054794520548,Constantine,0.6666666666666665,0.1494496534855279,5.3551908,2.6756177
0.10526174515012392,0.026611791408790896,0.8441558441558463,0.0569353686458126,0.4726027397260274,Sin City,0.7719298245614035,0.2242967794537301,8.32159,-6.1664534
0.15789340720011663,0.03416904688450819,0.8441558441558463,0.025493121248688005,0.31506849315068497,xXx: State of the Union,0.3333333333333334,0.045739910313901344,-24.937038,9.803378
0.2973673116325973,0.023238876015335638,0.8441558441558463,0.30488186669318934,0.5821917808219178,Star Wars: Episode III - Revenge of the Sith,0.7543859649122806,0.3421116999592336,21.065115,2.7437656
0.3947358864250838,0.05128079251563707,0.8441558441558463,0.1342264559713979,0.5821917808219178,Batman Begins,0.8245614035087718,0.6120668569099063,26.019241,-2.0336235
0.13157757617512028,0.015696486123335896,0.8441558441558463,0.03974356655923217,0.3356164383561644,The Dukes of Hazzard,0.40350877192982454,0.02584590297594782,-24.140978,8.51475
0.07894591412512757,0.020681130955182637,0.8441558441558463,0.06902985725947149,0.20547945205479456,The Curse of the Were-Rabbit,0.7017543859649122,0.053485527924989805,-18.936674,-10.825979
0.19736715373761116,0.015514669724350765,0.8441558441558463,0.05107670309933117,0.5068493150684932,The Legend of Zorro,0.5438596491228072,0.07378719934773746,-1.2950227,-0.41324046
0.026314252075134853,0.015024067072928762,0.8441558441558463,0.0,0.26712328767123283,American Pie Presents: Band Camp,0.43859649122807015,0.044761516510395435,-24.893219,4.63088
0.3947358864250838,0.04469569173959292,0.8441558441558463,0.32135303278279537,0.6986301369863013,Harry Potter and the Goblet of Fire,0.8245614035087718,0.46913982878108434,27.500717,-0.17346643
0.03157741828013413,0.013054307765009505,0.8311688311688314,0.003437679705778898,0.1986301369863014,District B13,0.6491228070175439,0.04631064003261313,-18.939657,-9.173527
0.06578799861262939,0.011080084394690066,0.8441558441558463,0.0008627869879778017,0.273972602739726,BloodRayne,0.1403508771929825,0.009457806767223808,-33.01742,7.6313105
0.01263001994213675,0.02128014890094016,0.8441558441558463,0.02890241860478506,0.26712328767123283,Hostel,0.5087719298245614,0.07411333061557276,-20.754997,-3.028626
0.039472167587633035,0.010869589776649247,0.8441558441558463,0.018312204567431156,0.17123287671232879,Hoodwinked!,0.5614035087719298,0.03970648185894823,-20.211103,-7.129749
0.13157757617512028,0.022016622311094317,0.8571428571428577,0.03993622499764108,0.34931506849315075,Underworld: Evolution,0.631578947368421,0.12588666938442722,-6.6637764,1.4643415
0.039472167587633035,0.008584680825132175,0.8571428571428577,0.02402002353338652,0.2191780821917808,When a Stranger Calls,0.4561403508771931,0.021932327761924175,-24.969603,2.797023
0.09999857894512465,0.01801408765960513,0.8571428571428577,0.010727424507378704,0.23972602739726034,Pulse,0.3859649122807018,0.01222992254382389,-25.738646,7.8331814
0.21052506925010933,0.02960155058640779,0.8571428571428577,0.23706924562359127,0.2465753424657534,Ice Age: The Meltdown,0.6491228070175439,0.24704443538524254,11.100051,5.3785496
0.039472167587633035,0.03383257503622746,0.8571428571428577,0.024972950100648084,0.3561643835616438,The Hills Have Eyes,0.5789473684210524,0.058866693844272316,-10.884913,-3.273322
0.13157757617512028,0.01368380088860215,0.8571428571428577,0.03501028526330323,0.4794520547945206,Silent Hill,0.6140350877192982,0.08878923766816144,-1.4753828,-2.2885046
0.3947358864250838,0.027850208601870208,0.8571428571428577,0.14270265214407973,0.48630136986301364,Mission: Impossible III,0.6491228070175439,0.16779453730126373,7.4836817,9.394138
0.3289463088625929,0.033112616097704425,0.8571428571428577,0.2754053350884017,0.6438356164383561,The Da Vinci Code,0.6491228070175439,0.22576437015898898,19.724686,3.9459574
0.31578839335009473,0.03373641854715631,0.8571428571428577,0.1657062174681386,0.4246575342465754,Cars,0.6666666666666665,0.32507134121483894,16.518087,2.9720855
0.5263150415500656,0.05301737677054459,0.8571428571428577,0.382235709108792,0.6575342465753424,Pirates of the Caribbean: Dead Man's Chest,0.7368421052631577,0.43832042397064813,28.427235,5.3396297
0.011051070080636969,0.017795090849007707,0.8571428571428577,0.0,0.29452054794520555,High School Musical,0.5789473684210524,0.08512026090501426,-18.674583,-4.020625
0.2236829847626075,0.0032646408578440645,0.8571428571428577,0.05684012785487223,0.3356164383561644,The Fast and the Furious: Tokyo Drift,0.5789473684210524,0.14227476559315122,-2.3460457,8.992978
0.2236829847626075,0.020640910520731894,0.8571428571428577,0.07077169937314928,0.1917808219178082,Open Season,0.5789473684210524,0.05479005299633102,-9.094237,12.167343
0.05263008310013121,0.011545633821216723,0.8571428571428577,0.014040290239832547,0.32191780821917804,The Grudge 2,0.43859649122807015,0.023155320016306564,-24.367535,5.768774
0.3947358864250838,0.041335799270191244,0.8571428571428577,0.21486853002331013,0.6095890410958904,Casino Royale,0.7894736842105263,0.3200978393803506,21.861317,3.4523218
0.26315673130010203,0.026753999765177887,0.8571428571428577,0.13785524423964926,0.363013698630137,Happy Feet,0.5438596491228072,0.11846718304117407,-0.730764,10.033403
0.06315641551012975,0.020555654606637098,0.8571428571428577,0.05585476400910181,0.32191780821917804,Rocky Balboa,0.6491228070175439,0.06962902568283734,-10.425676,-5.8281183
1.1578965650998396e-05,0.0003633768730169336,0.8571428571428577,0.0,0.3082191780821918,Loose Change: 2nd Edition,0.6140350877192982,0.000978393803505911,-14.957971,-5.469458
0.049998499997631576,0.020467879659787407,0.8571428571428577,0.024632025817043525,0.589041095890411,Letters from Iwo Jima,0.7719298245614035,0.044761516510395435,-2.777597,-7.40446
0.12368282686762137,0.023192209928131816,0.8571428571428577,0.013660780107179298,0.136986301369863,Happily N'Ever After,0.31578947368421045,0.008479412963717898,-27.083801,8.134179
0.04473533379263231,0.013625261711599326,0.8571428571428577,0.02048228482711986,0.36986301369863017,Smokin' Aces,0.631578947368421,0.04378312270688952,-9.78451,-4.7645555
0.13157757617512028,0.003119769053907089,0.8701298701298725,0.029473067788097447,0.452054794520548,Hannibal Rising,0.5614035087719298,0.053974724826742766,-2.3952885,-1.7194415
0.2894725623250984,0.020929944850878054,0.8701298701298725,0.08204492734381218,0.40410958904109595,Ghost Rider,0.4210526315789474,0.14268242967794537,2.8057096,14.128105
0.002614214654023138,0.00873265114903979,0.8571428571428577,5.918295059338381e-05,0.23287671232876717,Kidulthood,0.5964912280701755,0.004647370566653077,-18.56366,-6.536375
0.1710513227126148,0.03227483113870496,0.8571428571428577,0.15158382756318928,0.4246575342465754,300,0.7368421052631577,0.41483897268650627,14.954159,-4.105004
0.6789468614950445,0.04965187406055891,0.8701298701298725,0.3195418874339727,0.5753424657534246,Spider-Man 3,0.5438596491228072,0.30028536485935586,28.285055,8.906351
0.011051070080636969,0.01275264171038127,0.8571428571428577,0.013939456122034285,0.5273972602739726,Day Watch,0.5964912280701755,0.013534447615165104,-5.7015886,-3.8589656
0.0062615888340876325,0.003768867856959976,0.8571428571428577,0.0029327999974341143,0.31506849315068497,This Is England,0.8070175438596492,0.02984101100693029,-10.834027,-12.432052
0.42105171745008013,0.024897010131871476,0.8701298701298725,0.28657394912348844,0.26027397260273977,Shrek the Third,0.5614035087719298,0.19168365267019974,12.341557,12.397477
0.7894733518000291,0.05650590808970076,0.8701298701298725,0.34469585163782934,0.7808219178082192,Pirates of the Caribbean: At World's End,0.7192982456140351,0.37692621280065225,30.531303,7.579352
0.2236829847626075,0.021405976232278835,0.8701298701298725,0.11166302815326468,0.45890410958904115,Ocean's Thirteen,0.6491228070175439,0.16600081532816957,5.601778,2.4500077
0.2236829847626075,0.020242576127125853,0.8701298701298725,0.05345996393390273,0.20547945205479456,Surf's Up,0.5438596491228072,0.049898083978801466,-9.001481,12.248675
0.06578799861262939,0.023689881592371786,0.8701298701298725,0.008980706794625653,0.3972602739726028,Death Proof,0.6842105263157894,0.11047696697920913,-7.3757124,-8.446122
0.46052546398757466,0.015911115757408327,0.8701298701298725,0.0620524269857903,0.2808219178082192,Evan Almighty,0.43859649122807015,0.09702405218100285,2.074558,15.890869
0.3947358864250838,0.00938654671693218,0.8701298701298725,0.25456193239625025,0.6095890410958904,Transformers,0.6666666666666665,0.3350183448838157,20.985361,3.890377
0.3947358864250838,0.03822671691112094,0.8701298701298725,0.3365224128432567,0.5684931506849316,Harry Potter and the Order of the Phoenix,0.8070175438596492,0.45894822666123114,26.615032,1.1021214
0.18420923822511298,0.032393399341546045,0.8701298701298725,0.15883417624734408,0.410958904109589,The Bourne Ultimatum,0.7894736842105263,0.23921728495719524,10.382946,-5.6179824
0.01578791966513631,0.009069393546556892,0.8701298701298725,0.00652712549552813,0.23287671232876717,Daddy Day Camp,0.28070175438596506,0.007337953526294333,-30.20033,6.5766406
0.039472167587633035,0.020391266696973543,0.8701298701298725,0.02878583680054527,0.36986301369863017,Halloween,0.5438596491228072,0.04125560538116592,-10.749521,-2.225666
0.11841966066262209,0.004672824040677561,0.8701298701298725,0.05323311460822465,0.26712328767123283,Resident Evil: Extinction,0.5789473684210524,0.106318793314309,-9.5399065,5.303549
0.07894591412512757,0.015193924464451992,0.8701298701298725,0.027082825876147708,0.3972602739726028,30 Days of Night,0.5964912280701755,0.06359559722788422,-8.935641,-3.7854118
0.026314252075134853,0.02153595503196755,0.8701298701298725,0.04998363632664816,0.26027397260273977,Saw IV,0.5438596491228072,0.07615165103954341,-19.930508,-2.557902
0.01052475346013704,0.018840908062389913,0.8701298701298725,0.0,0.410958904109589,Elite Squad,0.8771929824561402,0.041989400733795354,-9.362375,-12.825346
0.06315641551012975,0.024335368197512,0.8701298701298725,0.03585617103532975,0.23287671232876717,Hitman,0.5438596491228072,0.07973909498573176,-19.715204,-1.938357
0.15789340720011663,0.020752404226648865,0.8701298701298725,0.12961662779961491,0.2534246575342466,Alvin and the Chipmunks,0.47368421052631576,0.09849164288626172,-6.930789,12.033039
0.3421042243750911,0.022670269266174905,0.8701298701298725,0.1640491016665303,0.4726027397260274,National Treasure: Book of Secrets,0.5789473684210524,0.14496534855279247,6.3117967,8.518424
0.10526174515012392,0.018902598772389423,0.8701298701298725,0.014991961769856984,0.26712328767123283,Aliens vs Predator: Requiem,0.36842105263157904,0.061475743986954746,-25.471642,8.803139
0.003945795703887953,0.014718567628106766,0.8701298701298725,0.010921227149499092,0.15753424657534243,[REC],0.7543859649122806,0.07745617611088462,-16.127167,-12.413407
0.15789340720011663,0.011058941337474482,0.8701298701298725,0.0,0.4931506849315068,In the Name of the King: A Dungeon Siege Tale,0.22807017543859648,0.01818181818181818,-26.731289,13.603573
0.05263008310013121,0.019471401121335913,0.8831168831168839,0.0,0.2191780821917808,One Missed Call,0.3333333333333334,0.013860578883000407,-28.574852,6.8767543
0.13157757617512028,0.01729801512430191,0.8831168831168839,0.04061897709122926,0.2534246575342466,Rambo,0.631578947368421,0.08194048104362006,-9.092228,4.744865
0.03157741828013413,0.01422344607322316,0.8831168831168839,0.020197443024866688,0.29452054794520555,The Eye,0.47368421052631576,0.02282918874847126,-23.030521,4.217389
0.01052475346013704,0.020006540198742984,0.8701298701298725,0.0,0.4383561643835616,Rise of the Footsoldier,0.7017543859649122,0.00619649408887077,-6.0027127,-6.3797746
0.48684129501257106,0.2243261278442686,0.8831168831168839,0.36031959248132434,0.6643835616438356,The Dark Knight,0.9649122807017545,1.0,32.583424,-0.09552194
0.05263008310013121,0.026142728498262137,0.8831168831168839,0.014931116316378749,0.410958904109589,Never Back Down,0.6491228070175439,0.04133713819812474,-8.08639,-5.4546266
0.03157741828013413,0.023055878705494443,0.8831168831168839,0.015600311210066454,0.3561643835616438,Harold & Kumar Escape from Guantanamo Bay,0.5964912280701755,0.04109253974724827,-11.445321,-3.53999
0.36842005540008743,0.0395224265610733,0.8831168831168839,0.20989295193422916,0.48630136986301364,Iron Man,0.8070175438596492,0.7294741133306155,25.671654,-3.2207434
0.48684129501257106,0.022163707865877572,0.8831168831168839,0.28215419076372383,0.45890410958904115,Indiana Jones and the Kingdom of the Crystal Skull,0.5087719298245614,0.2082348145128414,8.619807,14.220801
0.1710513227126148,0.015935711973458448,0.8831168831168839,0.1489447582885029,0.6164383561643836,Sex and the City,0.5614035087719298,0.04247859763554831,-2.7201643,0.45090818
0.3421042243750911,0.03006132342113078,0.8831168831168839,0.226597012618903,0.23972602739726034,Kung Fu Panda,0.7192982456140351,0.26310640032613125,13.90755,9.55461
0.19736715373761116,0.02194549528245856,0.8831168831168839,0.09263746135282934,0.37671232876712324,Wanted,0.631578947368421,0.21027313493681205,7.434129,2.9711356
0.09736699584262501,0.010529059689822906,0.8831168831168839,0.022884197975611163,0.17808219178082196,Space Chimps,0.40350877192982454,0.007990216061964941,-26.420515,7.2153163
0.024642670488427085,0.006789551909115697,0.8571428571428577,0.0,0.8904109589041096,Hogfather,0.7192982456140351,0.003016714227476559,-0.31963256,-8.875408
0.3815779709125856,0.02522193976475715,0.8831168831168839,0.14387864499108055,0.3904109589041096,The Mummy: Tomb of the Dragon Emperor,0.4210526315789474,0.11528740317977985,3.315103,14.8512745
0.21142243908806171,0.02086625975427797,0.8831168831168839,0.045845125391270725,0.6506849315068493,Red Cliff,0.7543859649122806,0.016551161842641663,-1.4977367,-6.2538505
0.11841966066262209,0.0239053941675332,0.8831168831168839,0.02645747478831323,0.34246575342465757,Death Race,0.5614035087719298,0.09792091316754993,-9.289519,1.7218561
0.3947358864250838,0.0223309127780631,0.8831168831168839,0.21660972614611512,0.23287671232876717,Madagascar: Escape 2 Africa,0.5964912280701755,0.15181410517733385,12.685896,11.718596
0.5263150415500656,0.024176107927091895,0.8831168831168839,0.21022168811685696,0.34931506849315075,Quantum of Solace,0.5789473684210524,0.24549531186302484,9.8569765,13.441106
0.09736699584262501,0.05635667642138033,0.8831168831168839,0.14082551708797636,0.45890410958904115,Twilight,0.5263157894736841,0.3003668976763147,2.3519592,3.6585844
0.07894591412512757,0.01616694382486029,0.8831168831168839,0.03908928038882576,0.3356164383561644,Transporter 3,0.5438596491228072,0.09017529555646148,-10.115171,1.2114472
0.10526174515012392,0.012883944007685763,0.8961038961038987,0.0,0.5205479452054794,Che: Part Two,0.6842105263157894,0.012311455360782715,-3.941359,-6.008044
0.15789340720011663,0.016958344214104595,0.8831168831168839,0.08754857696681048,0.410958904109589,Marley & Me,0.7192982456140351,0.11316754993885038,4.1973248,-2.0224056
0.030828938150954974,0.010148014854849494,0.8831168831168839,0.007851101902984483,0.363013698630137,Ip Man,0.8245614035087718,0.10640032613126783,-9.515059,-12.04437
0.039472167587633035,0.008761680350888612,0.8961038961038987,0.03613198689959061,0.31506849315068497,My Bloody Valentine,0.43859649122807015,0.024378312270688953,-23.586023,5.6104193
0.06841958171512902,0.022942187701049617,0.8961038961038987,0.06574441403684622,0.2465753424657534,Paul Blart: Mall Cop,0.4210526315789474,0.06547085201793722,-21.877384,6.0413833
0.013156336562636676,0.01838552799668725,0.8961038961038987,0.013848813667012754,0.23972602739726034,The Grudge 3,0.43859649122807015,0.011903791275988587,-24.638931,3.504964
0.049998499997631576,0.025134309232702552,0.8961038961038987,0.032776253700626055,0.28767123287671237,Friday the 13th,0.5087719298245614,0.04582144313086017,-19.157578,0.39240086
0.022366877421385403,0.014808132221594363,0.8831168831168839,0.0032054429381740677,0.29452054794520555,Ong Bak 2,0.5438596491228072,0.01239298817774154,-16.752089,-2.901583
0.03420900138263376,0.017194049268083517,0.8961038961038987,0.037427183893569325,0.6643835616438356,The Girl with the Dragon Tattoo,0.8070175438596492,0.08283734203016714,-1.8102008,-8.021691
0.2236829847626075,0.0019120665112977962,0.8961038961038987,0.1302614106228942,0.3561643835616438,Fast & Furious,0.6491228070175439,0.1974724826742764,7.8978353,3.482359
0.05263008310013121,0.017533981587340302,0.8961038961038987,0.012396344976180829,0.2808219178082192,Crank: High Voltage,0.5438596491228072,0.07125968202201385,-17.895124,-1.260345
0.3947358864250838,0.0018346291045271438,0.8961038961038987,0.13381188514144401,0.3561643835616438,X-Men Origins: Wolverine,0.5964912280701755,0.33281695882592743,15.686606,4.1834116
0.21052506925010933,0.012534781937790772,0.8961038961038987,0.04342207352756566,0.5547945205479452,Red Cliff Part II,0.7543859649122806,0.008642478597635549,-1.6946696,-5.9676824
0.5263150415500656,0.029348307360984437,0.8961038961038987,0.13319858370235035,0.410958904109589,Terminator Salvation,0.5438596491228072,0.20317977986139418,8.156063,13.15477
0.3947358864250838,0.027355172964649503,0.8961038961038987,0.14817480029655766,0.34246575342465757,Night at the Museum: Battle of the Smithsonian,0.5438596491228072,0.16485935589074602,4.769767,12.770784
0.09210382963762574,0.042948625529811275,0.8961038961038987,0.1647332748683018,0.3082191780821918,The Hangover,0.7719298245614035,0.5152874031797798,14.638828,-5.342052
0.002103687532138209,0.01375010190383231,0.8961038961038987,0.0007118675944882806,0.2465753424657534,Dead Snow,0.5789473684210524,0.02519364044027721,-17.693413,-5.2078476
0.3947358864250838,0.0071271845598633,0.8961038961038987,0.2999668940976232,0.6506849315068493,Transformers: Revenge of the Fallen,0.5614035087719298,0.259926620464737,19.391817,4.485244
0.23684090027510568,0.022901060561049947,0.8961038961038987,0.31804086110494395,0.26712328767123283,Ice Age: Dawn of the Dinosaurs,0.6491228070175439,0.1896453322462291,11.58618,6.6886935
0.6578941966750473,0.03405774146623544,0.8961038961038987,0.3349967334078025,0.6712328767123288,Harry Potter and the Half-Blood Prince,0.8070175438596492,0.44280472890338357,30.040565,6.1288424
0.00894580359863726,0.011470684370599485,0.8961038961038987,0.04089003859179245,0.226027397260274,The Collector,0.6140350877192982,0.029433346922136158,-17.325052,-6.858594
0.46052546398757466,0.020719179683600857,0.8961038961038987,0.10849096296448708,0.43150684931506844,G.I. Joe: The Rise of Cobra,0.4912280701754385,0.16176110884631062,6.561177,13.50808
0.05263008310013121,0.024017736081866914,0.8961038961038987,0.006198185938761004,0.363013698630137,12 Rounds,0.5087719298245614,0.017855686913982878,-12.012965,-0.6635293
0.039472167587633035,0.012865480850338592,0.8961038961038987,0.014139871113816427,0.34246575342465757,Halloween II,0.40350877192982454,0.021932327761924175,-24.104126,6.6066966
0.10526174515012392,0.01526919382126089,0.8961038961038987,0.06677527630029464,0.18493150684931514,The Final Destination,0.4561403508771931,0.06905829596412556,-21.102684,7.1078167
0.26315673130010203,0.020497320169596933,0.8961038961038987,0.08715620835175832,0.23972602739726034,Cloudy with a Chance of Meatballs,0.6491228070175439,0.1463514064410925,-3.964057,7.8430905
3.789479667599475e-05,0.022399813259604915,0.8701298701298725,0.0693537379293588,0.21232876712328763,Paranormal Activity,0.5438596491228072,0.10982470444353852,-21.213892,-2.0722604
0.02894583517763449,0.030908349098980735,0.8961038961038987,0.02447434844796534,0.23972602739726034,Saw VI,0.5614035087719298,0.06123114553607827,-18.819181,-2.4763632
0.021051085870135582,0.013890352434326349,0.8961038961038987,0.003812573209601315,0.43150684931506844,The Boondock Saints II: All Saints Day,0.5263157894736841,0.02119853240929474,-8.906005,-1.8449941
0.13157757617512028,0.05423480811745107,0.8961038961038987,0.25460414311135166,0.5136986301369864,The Twilight Saga: New Moon,0.4912280701754385,0.20497350183448837,2.749818,4.948493
0.6236836163425521,0.33748815917502545,0.8961038961038987,1.0,0.7328767123287672,Avatar,0.7719298245614035,0.987362413371382,33.802475,1.6594753
0.23684090027510568,0.027846656729125105,0.8961038961038987,0.18796099041680717,0.5,Sherlock Holmes,0.7368421052631577,0.4793314309009376,19.455738,-2.0568829
0.19736715373761116,0.017287779954204205,0.8961038961038987,0.15894747285979913,0.226027397260274,Alvin and the Chipmunks: The Squeakquel,0.43859649122807015,0.05576844679983693,-6.6950016,13.380903
0.01052475346013704,0.01453668176377716,0.8961038961038987,0.015602099252543473,0.6301369863013699,The Girl Who Kicked the Hornet's Nest,0.7368421052631577,0.03644516918059519,-2.6288218,-7.894699
0.009208961908887224,0.004827649497263581,0.8961038961038987,0.0,0.31506849315068497,Trailer Park Boys: Countdown to Liquor Day,0.7368421052631577,0.003098247044435385,-11.980605,-11.741193
0.014735286424136459,0.015355924959908077,0.8961038961038987,0.006624788841912782,0.20547945205479456,[REC]²,0.6491228070175439,0.04011414594374236,-17.539972,-8.601623
0.5263150415500656,0.030769782189072517,0.9090909090909101,0.36782781634596556,0.363013698630137,Alice in Wonderland,0.631578947368421,0.3888300040766408,22.474989,9.307563
0.01052475346013704,0.015916457276791342,0.9090909090909101,0.0,0.23972602739726034,Survival of the Dead,0.3333333333333334,0.009294741133306157,-29.257143,7.3001423
0.007893170357637406,0.012064013470251624,0.8961038961038987,6.491114284172526e-06,0.2534246575342466,Women in Trouble,0.4210526315789474,0.002119853240929474,-25.715837,3.8648674
0.09473541274012538,0.021049311905180595,0.9090909090909101,0.02316107267666082,0.31506849315068497,Hot Tub Time Machine,0.5438596491228072,0.07395026498165512,-10.722466,1.8300604
0.4342096329625783,0.025526223566050842,0.9090909090909101,0.17750536450673995,0.29452054794520555,How to Train Your Dragon,0.8245614035087718,0.35181410517733386,19.138847,8.541559
0.3289463088625929,0.021057894531293957,0.9090909090909101,0.0834706073204137,0.34931506849315075,Clash of the Titans,0.4912280701754385,0.1855686913982878,2.871527,13.073787
0.039472167587633035,0.02136422207614351,0.9090909090909101,0.027152598988051817,0.2534246575342466,Diary of a Wimpy Kid,0.5438596491228072,0.029759478189971465,-18.794481,-1.2537947
0.5263150415500656,0.034057048640826086,0.9090909090909101,0.22379524546750537,0.4726027397260274,Iron Man 2,0.6666666666666665,0.5678760701182225,27.942488,3.0329115
0.09210382963762574,0.01818708013180662,0.9090909090909101,0.041486902952741316,0.273972602739726,A Nightmare on Elm Street,0.47368421052631576,0.06253567060741949,-20.753092,5.492894
0.26315673130010203,0.012436228894335249,0.9090909090909101,0.10342586187486214,0.6232876712328768,Sex and the City 2,0.47368421052631576,0.03505911129229515,-2.4664435,0.9814739
0.5263150415500656,0.030187328071901404,0.9090909090909101,0.3827055467714327,0.3287671232876712,Toy Story 3,0.8421052631578947,0.3836934366082348,22.894873,10.585781
0.4342096329625783,0.020749799276231072,0.9090909090909101,0.26994630259514435,0.26027397260273977,Shrek Forever After,0.5614035087719298,0.16445169180595187,11.940759,12.255681
0.17894607202011373,0.06141187062268245,0.9090909090909101,0.25053805381458855,0.4726027397260274,The Twilight Saga: Eclipse,0.5438596491228072,0.19388503872808804,3.0839002,5.3508883
0.18157765512261334,0.039890598370894356,0.9090909090909101,0.19495006861253425,0.273972602739726,Despicable Me,0.7543859649122806,0.5373827965756216,15.381365,-5.582572
0.21052506925010933,0.04301059592922406,0.9090909090909101,0.09735781494024139,0.32191780821917804,Grown Ups,0.5614035087719298,0.14203016714227476,-2.5911808,9.904789
0.09210382963762574,0.015593765159211903,0.9090909090909101,0.033446038630396954,0.36986301369863017,Nanny McPhee and the Big Bang,0.5614035087719298,0.03636363636363636,-10.172917,-0.4926412
0.03395323518931872,0.0027553355764399906,0.9090909090909101,0.012912643765829195,0.36986301369863017,Ip Man 2,0.7719298245614035,0.05544231553200163,-9.890931,-11.178705
0.21052506925010933,0.02614581605002049,0.9090909090909101,0.09844828949968841,0.3287671232876712,The Expendables,0.5614035087719298,0.24239706481858947,2.7472665,9.839585
0.06315641551012975,0.014184088471472204,0.9090909090909101,0.029838309449389457,0.226027397260274,Piranha 3D,0.43859649122807015,0.048512026090501426,-22.214705,5.161763
0.004735270634637844,0.010866162210310046,0.9090909090909101,0.02429660626521325,0.2191780821917808,The Last Exorcism,0.4912280701754385,0.02657969832857725,-22.606066,1.2793324
0.05263008310013121,0.012188369233108665,0.9090909090909101,0.011236833325524352,0.34246575342465757,Machete,0.6140350877192982,0.09514879739094985,-11.639656,-4.71413
0.07894591412512757,0.01582868050190627,0.9090909090909101,0.05713551067865291,0.3561643835616438,Step Up 3D,0.6666666666666665,0.04818589482266612,-9.492458,-6.551286
0.05263008310013121,0.014032864244586572,0.9090909090909101,0.02889127499321515,0.18493150684931514,Vampires Suck,0.24561403508771934,0.026253567060741948,-31.17459,6.735221
0.15789340720011663,0.0,0.9090909090909101,0.107687174921929,0.28767123287671237,Resident Evil: Afterlife,0.5263157894736841,0.11235222176926213,-5.978817,10.858547
0.009208961908887224,0.009884518178974623,0.9090909090909101,0.0,0.15753424657534243,Superman/Batman: Apocalypse,0.7368421052631577,0.01361598043212393,-16.040802,-11.386548
0.18420923822511298,0.01712307945049052,0.9090909090909101,0.04833203314787421,0.5342465753424658,Wall Street: Money Never Sleeps,0.5263157894736841,0.040766408479412965,-2.2194786,-0.2239139
0.2236829847626075,0.013689614041113438,0.9090909090909101,0.040346188165877844,0.18493150684931514,Cats & Dogs 2 : The Revenge of Kitty Galore,0.36842105263157904,0.00962087240114146,-23.27051,11.711191
0.001314212601388318,0.010422435870160672,0.9090909090909101,0.0015218906505625118,0.26712328767123283,Monsters,0.5964912280701755,0.048348960456583774,-16.86752,-4.827172
0.007893170357637406,0.012679251573943947,0.9090909090909101,0.06367082314901312,0.2465753424657534,Paranormal Activity 2,0.5087719298245614,0.05951895637994293,-20.773174,-0.17348765
0.05263008310013121,0.029566134228938078,0.9090909090909101,0.048835057022362204,0.23972602739726034,Saw: The Final Chapter,0.5263157894736841,0.061475743986954746,-19.712904,-0.7313243
0.6578941966750473,0.04176590674675285,0.9090909090909101,0.34229476992012275,0.6232876712328768,Harry Potter and the Deathly Hallows: Part 1,0.8245614035087718,0.46506318793314305,30.159595,5.653357
0.6842100277000437,0.026016283290964715,0.9090909090909101,0.21226769974971355,0.3082191780821918,Tangled,0.8070175438596492,0.27843456991439053,20.653849,10.722501
0.0,0.00030259652463711655,0.9090909090909101,0.0,0.26027397260273977,The Lost Skeleton Returns Again,0.7368421052631577,0.00040766408479412964,-12.928178,-11.6471195
0.00512474493380779,0.007422291623544835,0.9090909090909101,0.0,0.1986301369863014,Rare Exports: A Christmas Tale,0.631578947368421,0.011333061557276805,-17.081318,-7.995334
0.4473675484750765,0.03803422478551131,0.9090909090909101,0.14349633173867646,0.4794520547945206,TRON: Legacy,0.6140350877192982,0.23571137382796573,7.8828654,11.152541
0.26315673130010203,0.01697600669195493,0.9090909090909101,0.11142556499309562,0.29452054794520555,Little Fockers,0.47368421052631576,0.0887077048512026,-2.8710494,13.222877
0.10526174515012392,0.01714588967597349,0.9220779220779249,0.018318309378456,0.26027397260273977,The Mechanic,0.6140350877192982,0.08658785161027313,-9.301732,4.282076
0.08420908033012683,0.01300070062746437,0.9220779220779249,0.029991557064286866,0.3561643835616438,"Big Mommas: Like Father, Like Son",0.43859649122807015,0.025927435792906645,-23.175606,7.004154
0.003945795703887953,0.030702230797641818,0.9090909090909101,0.03479568322155248,0.3287671232876712,Insidious,0.7017543859649122,0.1443946188340807,-8.2866125,-10.263326
0.05526166620263085,0.01457387862770788,0.9220779220779249,0.025975000310324903,0.3013698630136986,Diary of a Wimpy Kid: Rodrick Rules,0.6140350877192982,0.02005707297187118,-14.060472,-3.7485054
0.003945795703887953,0.007088616669396898,0.9090909090909101,0.0031516736134795074,0.1986301369863014,New Kids Turbo,0.6140350877192982,0.005625764370158989,-17.708675,-7.6057534
0.10526174515012392,0.017453692445375434,0.9220779220779249,0.03484214578329833,0.3835616438356164,Scream 4,0.5789473684210524,0.0754993885038728,-9.150751,0.12409186
0.23684090027510568,0.018189489482438655,0.9220779220779249,0.17383135902949706,0.2808219178082192,Rio,0.6491228070175439,0.18010599266204647,9.627542,5.400776
0.3947358864250838,0.05247477016860651,0.9220779220779249,0.161166515353856,0.410958904109589,Thor,0.6666666666666665,0.5441500203832043,22.517067,-1.17521
0.039472167587633035,0.005560821475519817,0.9220779220779249,0.0016597679151639964,0.28767123287671237,Atlas Shrugged Part I,0.3859649122807018,0.004647370566653077,-26.79504,5.7593675
0.3289463088625929,0.0017684907844458847,0.9220779220779249,0.22458590960109823,0.5136986301369864,Fast Five,0.7543859649122806,0.20277211577660006,20.285994,5.5056453
1.0,0.050151759475645166,0.9220779220779249,0.37508138350657905,0.5547945205479452,Pirates of the Caribbean: On Stranger Tides,0.631578947368421,0.4128821850794945,30.78916,8.694702
0.21052506925010933,0.039194171731829756,0.9220779220779249,0.09126943059168947,0.32191780821917804,The Hangover Part II,0.5964912280701755,0.3124337545862209,10.59337,2.2758293
0.3947358864250838,0.02016137845157667,0.9220779220779249,0.23877353561709075,0.2465753424657534,Kung Fu Panda 2,0.6842105263157894,0.15662454137790457,12.8406,10.612095
0.42105171745008013,0.0005222678802900939,0.9220779220779249,0.12683950945042807,0.5273972602739726,X-Men: First Class,0.7543859649122806,0.42788422339991844,23.191309,3.5302007
0.05263008310013121,0.0038825296128387047,0.9090909090909101,0.021547112006571553,0.452054794520548,Why Did I Get Married Too?,0.5789473684210524,0.0020383204239706482,-7.39703,-2.4549832
0.5131571260375674,0.0074045871008807385,0.9220779220779249,0.4030706845074635,0.678082191780822,Transformers: Dark of the Moon,0.5789473684210524,0.27289033836119037,26.715782,8.51104
0.09210382963762574,0.017190883110803783,0.9220779220779249,0.04196609223894488,0.29452054794520555,Horrible Bosses,0.631578947368421,0.19054219323277619,-7.0656567,2.9863818
0.5263150415500656,0.02420331274963057,0.9220779220779249,0.20081040419427604,0.34931506849315075,Cars 2,0.5263157894736841,0.1699143905421932,9.112792,13.464345
0.3289463088625929,0.04485597205375556,0.9220779220779249,0.4813546648261883,0.5136986301369864,Harry Potter and the Deathly Hallows: Part 2,0.8947368421052633,0.5003668976763147,27.733118,1.0228918
0.36842005540008743,0.03449621220466471,0.9220779220779249,0.13291765227905095,0.4726027397260274,Captain America: The First Avenger,0.6666666666666665,0.5845902975947819,22.941484,-1.7141225
0.2894725623250984,0.017854099831103427,0.9220779220779249,0.20220817169795496,0.3287671232876712,The Smurfs,0.47368421052631576,0.09759478189971463,-0.88920355,13.290892
0.05263008310013121,0.014100580159201553,0.9090909090909101,0.014096302777696872,0.226027397260274,Alpha and Omega,0.43859649122807015,0.009865470852017938,-23.953379,3.6304455
0.01841950276763595,0.0194376793526643,0.9090909090909101,0.0,0.2808219178082192,Death Race 2,0.47368421052631576,0.02600896860986547,-22.332626,3.3105924
0.010097450153868663,0.0005424347666122735,0.9090909090909101,0.001387033151179486,0.3287671232876712,West Is West,0.6140350877192982,0.0008968609865470851,-14.303248,-4.60461
0.2447356495826046,0.07524344989147723,0.9220779220779249,0.17319448771131615,0.34246575342465757,Rise of the Planet of the Apes,0.7368421052631577,0.3626579698328577,15.036619,-3.1082382
0.12368282686762137,0.022776511026442525,0.9220779220779249,0.05663185803015043,0.2534246575342466,Final Destination 5,0.5438596491228072,0.07240114145943742,-10.031297,7.0280437
0.049998499997631576,0.018777113283666977,0.9220779220779249,0.012692846178385446,0.363013698630137,A Very Harold & Kumar Christmas,0.5614035087719298,0.026987362413371383,-11.792592,-1.6480244
0.04473533379263231,0.016840441416142157,0.9220779220779249,0.008939221339682436,0.34931506849315075,Fright Night,0.5614035087719298,0.049979616795760295,-12.222533,-1.8987736
0.0017089500667632634,0.013456755238222588,0.9090909090909101,1.192446783319421e-05,0.29452054794520555,Stake Land,0.5964912280701755,0.023318385650224215,-15.75825,-4.554835
0.5789467036000583,0.16348982147340663,0.9350649350649363,0.5450419437049429,0.6027397260273972,The Avengers,0.8070175438596492,0.9780676722380758,32.781498,0.83223104
0.09210382963762574,0.01776206373378084,0.9220779220779249,0.010089319314349076,0.3287671232876712,The Thing,0.5614035087719298,0.07109661638809621,-11.019027,1.123409
0.013156336562636676,0.019273660706147694,0.9220779220779249,0.07378278119736009,0.1917808219178082,Paranormal Activity 3,0.5438596491228072,0.05552384834896046,-21.36865,-1.051003
0.11841966066262209,0.01867470491359312,0.9220779220779249,0.05741771543210146,0.31506849315068497,Johnny English Reborn,0.5614035087719298,0.0833265389319201,-10.0825,2.8813195
0.11841966066262209,0.01784424854843571,0.9220779220779249,0.05924903355864729,0.3287671232876712,The Muppets,0.6491228070175439,0.04117407256420709,-10.008195,-6.966523
0.2894725623250984,0.04665066955342215,0.9220779220779249,0.2554450410160391,0.4246575342465754,The Twilight Saga: Breaking Dawn - Part 1,0.5263157894736841,0.21345291479820624,4.281433,7.786495
0.013156336562636676,0.013547312454922019,0.8831168831168839,0.0,0.23972602739726034,Another Cinderella Story,0.5964912280701755,0.03277619241744802,-17.879873,-5.9705567
0.3421042243750911,0.01588217430125779,0.9220779220779249,0.05394847543153613,0.3082191780821918,Happy Feet Two,0.5263157894736841,0.030737871993477373,-0.7549223,14.979771
0.26315673130010203,0.026376049794104354,0.9350649350649363,0.11211525727402338,0.3287671232876712,The Expendables 2,0.5789473684210524,0.2393803505911129,3.070287,10.524886
0.19736715373761116,0.0357906166373551,0.9350649350649363,0.24792659535911898,0.595890410958904,The Hunger Games,0.7192982456140351,0.7851610273134937,26.469795,-4.1759753
0.6578941966750473,0.03679770509315738,0.9350649350649363,0.38915089147240817,0.7534246575342465,The Dark Knight Rises,0.8421052631578947,0.7549123522217692,32.076294,2.5963807
0.3421042243750911,0.026400589341057667,0.9350649350649363,0.0992024395461879,0.4452054794520548,The Bourne Legacy,0.5614035087719298,0.21842641663269463,5.1838636,10.1826315
0.3289463088625929,0.03334774349250299,0.9220779220779249,0.12002123038063711,0.5068493150684932,Sherlock Holmes: A Game of Shadows,0.7368421052631577,0.3234406848756624,17.942982,2.252287
0.3815779709125856,0.02523693513898674,0.9220779220779249,0.24918295542486468,0.5342465753424658,Mission: Impossible - Ghost Protocol,0.7017543859649122,0.32792498980839785,21.808228,4.5289183
0.19736715373761116,0.01391767242309402,0.9220779220779249,0.1229195575647465,0.2191780821917808,Alvin and the Chipmunks: Chipwrecked,0.4561403508771931,0.04035874439461883,-6.3559837,13.331721
0.09736699584262501,0.011411136118066401,0.9220779220779249,0.03422008311540954,0.3972602739726028,Dolphin Tale,0.6666666666666665,0.0132083163473298,-8.4046335,-6.7350225
0.06578799861262939,0.013240378002326008,0.9220779220779249,0.0,0.32191780821917804,Cat Run,0.5614035087719298,0.003342845495311863,-13.528612,-2.2888768
0.18420923822511298,0.0217397535564081,0.9350649350649363,0.05742994119495586,0.226027397260274,Underworld: Awakening,0.5789473684210524,0.15336322869955155,-5.918871,8.894894
0.0026300041526381357,0.008905246937563619,0.9220779220779249,0.0,0.2534246575342466,Grave Encounters,0.5964912280701755,0.03106400326131268,-16.757051,-5.641035
0.04473533379263231,0.015435464607366774,0.9350649350649363,0.045815041442088186,0.273972602739726,The Woman in Black,0.5789473684210524,0.10052996331023237,-16.509348,-0.3317995
0.2078934861476097,0.016470847394794756,0.9350649350649363,0.12758149722123832,0.26712328767123283,Journey 2: The Mysterious Island,0.5263157894736841,0.08528332653893192,-4.6137085,12.020006
0.021051085870135582,0.010326963066321979,0.9090909090909101,0.0,0.21232876712328763,Smokin' Aces 2: Assassins' Ball,0.4561403508771931,0.006848756624541378,-23.965376,2.4799905
0.14999865789261774,0.0163944921849696,0.9220779220779249,0.053521959688729775,0.273972602739726,Ghost Rider: Spirit of Vengeance,0.3333333333333334,0.09449653485527924,-26.086874,10.624674
0.1105249113551232,0.019738815277032074,0.9350649350649363,0.07230554246893982,0.36986301369863017,21 Jump Street,0.6842105263157894,0.3381165919282511,10.392874,-2.9345317
0.3947358864250838,0.013320838979616683,0.9350649350649363,0.1079640492642941,0.3013698630136986,Wrath of the Titans,0.47368421052631576,0.11863024867509173,1.8502775,14.927817
0.019735294318885765,0.03493162281186633,0.9350649350649363,0.002917909925749368,0.26027397260273977,Iron Sky,0.4912280701754385,0.04557684467998369,-21.141346,2.5063732
0.13157757617512028,0.013990239943609935,0.9350649350649363,0.08428713296867767,0.3972602739726028,American Reunion,0.5789473684210524,0.13346922136159803,-0.98408806,4.250103
0.0028931624628880993,0.01841909986645763,0.9220779220779249,0.0014724671478642515,0.31506849315068497,The Raid,0.7894736842105263,0.0874031797798614,-10.462229,-11.614276
0.026314252075134853,0.0160456280848417,0.9220779220779249,0.04908101490870642,0.4726027397260274,The Best Exotic Marigold Hotel,0.7192982456140351,0.03783122706889523,-5.424027,-7.24392
0.03157741828013413,0.008795806115379407,0.9350649350649363,0.03445900648037778,0.45890410958904115,Think Like a Man,0.7192982456140351,0.023073787199347738,-5.79314,-7.249771
0.5921046191125564,0.018703454426028665,0.9350649350649363,0.22382876274519142,0.34931506849315075,Men in Black 3,0.6140350877192982,0.3443946188340807,21.15573,9.637326
0.4473675484750765,0.03345052478179455,0.9350649350649363,0.14225429215355162,0.4931506849315068,Snow White and the Huntsman,0.5263157894736841,0.2591928251121076,7.3142185,12.0471945
0.3421042243750911,0.02956284193721706,0.9350649350649363,0.14461090057402143,0.4726027397260274,Prometheus,0.6140350877192982,0.41973094170403585,16.925938,1.7747732
0.13157757617512028,0.035072085394464554,0.9350649350649363,0.19704992632857887,0.34931506849315075,Ted,0.6140350877192982,0.3919282511210762,13.437582,-2.013008
0.01841950276763595,0.015135202483911075,0.9350649350649363,0.059979793785703166,0.37671232876712324,Magic Mike,0.5789473684210524,0.08626172034243783,-13.3262415,0.038938157
0.5657887880875601,0.0560280651252375,0.9350649350649363,0.2698082054569143,0.5547945205479452,The Amazing Spider-Man,0.6491228070175439,0.5487158581328985,28.80541,3.4135535
0.24999881578760388,0.023429282352575655,0.9350649350649363,0.314654149038847,0.226027397260274,Ice Age: Continental Drift,0.5964912280701755,0.2223399918467183,12.1676,6.6400857
0.5263150415500656,0.03629866057434634,0.9350649350649363,0.3976237070432152,0.6027397260273972,Skyfall,0.7192982456140351,0.6289441500203832,30.372316,2.228667
0.013156336562636676,0.009436814033836394,0.9350649350649363,0.0030465689974402466,0.1917808219178082,Piranha 3DD,0.22807017543859648,0.025682837342030168,-31.329483,7.5023737
0.04473533379263231,0.019346127684717655,0.9350649350649363,0.04137441553262894,0.3904109589041096,Pitch Perfect,0.7894736842105263,0.18801467590705256,7.5636616,-4.726501
0.1710513227126148,0.0009063856427388123,0.9350649350649363,0.08614141408005371,0.273972602739726,Resident Evil: Retribution,0.4912280701754385,0.13159396657154504,-5.3697224,11.002345
0.2236829847626075,0.0288445903837398,0.9350649350649363,0.12854379155286746,0.2465753424657534,Hotel Transylvania,0.7017543859649122,0.21345291479820624,9.52976,4.8540726
0.07894591412512757,0.01632370334287931,0.9220779220779249,0.004850071137207178,0.21232876712328763,Hoodwinked Too! Hood VS. Evil,0.3508771929824562,0.010680799021606197,-27.984062,7.589257
0.4342096329625783,0.024211712572205845,0.9350649350649363,0.16902036944338536,0.363013698630137,Wreck-It Ralph,0.7543859649122806,0.3792906644924582,20.155369,7.912834
0.6578941966750473,0.041679490030191176,0.9350649350649363,0.3662540728222541,0.7808219178082192,The Hobbit: An Unexpected Journey,0.7368421052631577,0.6867509172441908,31.70405,3.0081315
0.15789340720011663,0.022552249473948086,0.9350649350649363,0.07831539785706075,0.5136986301369864,Jack Reacher,0.6140350877192982,0.24802282918874846,8.6541195,-0.33024105
0.03591953039925853,0.007771740694994629,0.9350649350649363,0.0,0.4794520547945206,Dabangg 2,0.40350877192982454,0.002119853240929474,-14.516827,5.094335
0.006577378806387589,0.011111601552692306,0.9480519480519511,0.021571892446011823,0.21232876712328763,A Haunted House,0.4561403508771931,0.04231553200163066,-22.935028,2.119005
0.007893170357637406,0.0036301492201151367,0.9350649350649363,0.0,0.31506849315068497,Outpost: Black Sun,0.2982456140350878,0.002282918874847126,-30.497576,9.407321
0.126314409970121,0.01932777420949334,0.9350649350649363,0.0,0.4452054794520548,Chinese Zodiac,0.5614035087719298,0.021361598043212394,-6.4725204,-1.1816413
0.24210406648010496,0.021971031108694465,0.9480519480519511,0.1092747478871137,0.29452054794520555,A Good Day to Die Hard,0.4210526315789474,0.2865878516102731,1.5954266,11.804073
0.35526213988758926,0.026149936441769054,0.9480519480519511,0.20989463990371698,0.29452054794520555,The Croods,0.7017543859649122,0.19918467183041172,12.789116,9.779436
0.018682661077885913,0.01312657731575833,0.8571428571428577,0.0,0.8424657534246576,Don : The Chase Begins Again,0.7894736842105263,0.005218100285364859,-0.5867681,-8.810477
0.5263150415500656,0.04253529210590488,0.9480519480519511,0.4359595461462104,0.5136986301369864,Iron Man 3,0.7017543859649122,0.7294741133306155,30.753613,1.4654431
0.42105171745008013,0.0022022397074862605,0.9480519480519511,0.2828872763427112,0.5136986301369864,Fast & Furious 6,0.6842105263157894,0.4303302079086832,23.969372,4.42259
0.001314212601388318,0.0020975536053277903,0.9350649350649363,0.0,0.0,The Devil's Carnival,0.43859649122807015,0.0023644516918059516,-25.169998,-0.12925799
0.5921046191125564,0.03306166509556776,0.9480519480519511,0.2377524457141812,0.6027397260273972,Man of Steel,0.6491228070175439,0.5265389319200978,28.9369,3.860306
0.47368337950007283,0.06123265003393821,0.9480519480519511,0.1462008645304101,0.5205479452054794,Pacific Rim,0.6842105263157894,0.3994292702812882,23.47727,5.404629
0.5263150415500656,0.04691101286826495,0.9480519480519511,0.19077175768090956,0.4178082191780822,World War Z,0.6842105263157894,0.46302486750917243,22.59396,7.205748
0.1999987368401108,0.044550348302527666,0.9480519480519511,0.34819728895694024,0.29452054794520555,Despicable Me 2,0.7368421052631577,0.3852425601304525,16.259708,-3.0707865
0.0026300041526381357,0.008180935446798645,0.9480519480519511,0.0,0.21232876712328763,Sharknado,0.17543859649122812,0.03913575214023644,-31.990612,7.9149942
0.009208961908887224,0.016588735568474143,0.9480519480519511,0.0,0.136986301369863,Justice League: The Flashpoint Paradox,0.7894736842105263,0.03701589889930697,-15.405596,-11.847365
0.03420900138263376,0.02641283717810975,0.9480519480519511,0.1140617371726793,0.3904109589041096,The Conjuring,0.8070175438596492,0.25805136567468406,8.502835,-4.417298
0.31578839335009473,0.0063347878913364,0.9480519480519511,0.14901215045237043,0.48630136986301364,The Wolverine,0.6140350877192982,0.3347737464329392,16.162205,2.184712
0.2210514016601079,0.01935779055044785,0.9480519480519511,0.0,0.4178082191780822,RED 2,0.631578947368421,0.12588666938442722,-2.8056672,4.618676
0.23684090027510568,0.018070656214467334,0.9480519480519511,0.06261870057628881,0.34931506849315075,Percy Jackson: Sea of Monsters,0.5438596491228072,0.13705666530778637,-2.0204897,10.393884
0.2763146468126002,0.018623896498216157,0.9480519480519511,0.12461927146076919,0.34246575342465757,The Smurfs 2,0.47368421052631576,0.05764370158988993,-1.7820258,13.564131
0.09736699584262501,0.03294381896670212,0.9480519480519511,0.096842718819886,0.37671232876712324,We're the Millers,0.7017543859649122,0.24859355890746024,9.175087,-3.2089698
0.21052506925010933,0.016376986918162025,0.9480519480519511,0.08858944437707013,0.3082191780821918,Grown Ups 2,0.5263157894736841,0.09588259274357928,-3.7513711,11.28774
0.09999857894512465,0.016714537307317485,0.9480519480519511,0.035272068311951565,0.4383561643835616,Riddick,0.5964912280701755,0.16812066856909905,-1.0630089,3.6024234
0.013156336562636676,0.015698052749657333,0.9480519480519511,0.0,0.34931506849315075,Insidious: Chapter 2,0.6491228070175439,0.10052996331023237,-12.039848,-5.7096543
0.4473675484750765,0.06298041272519998,0.9480519480519511,0.231197802657419,0.3904109589041096,Thor: The Dark World,0.7017543859649122,0.3969832857725234,21.52137,7.542066
0.3421042243750911,0.04543802217510749,0.9480519480519511,0.30395769873570155,0.6232876712328768,The Hunger Games: Catching Fire,0.8070175438596492,0.54235629841011,26.62854,-0.2007468
0.6578941966750473,0.036911401581708345,0.9480519480519511,0.34376327181029726,0.726027397260274,The Hobbit: The Desolation of Smaug,0.8421052631578947,0.37741540970240517,30.364079,6.6650896
0.3947358864250838,0.0434986667516435,0.9480519480519511,0.45704267063513626,0.32191780821917804,Frozen,0.7894736842105263,0.4432123929881777,23.595484,10.477041
0.003945795703887953,0.004850803393398164,0.8311688311688314,0.004304214588609732,0.4726027397260274,Dhoom,0.5964912280701755,0.00399510803098247,-6.512029,-3.813748
0.2236829847626075,0.03860746926043341,0.9610389610389625,0.10356940850744592,0.5753424657534246,Divergent,0.7192982456140351,0.38972686506318793,18.007153,-0.60911155
0.009208961908887224,0.01404970959062164,0.9610389610389625,0.001849135422835372,0.1643835616438356,Justice League: War,0.7368421052631577,0.018752547900529964,-15.4340515,-10.965118
0.15789340720011663,0.029184948635240338,0.9610389610389625,0.16828069124238643,0.3082191780821918,The Lego Movie,0.8245614035087718,0.25462698736241335,10.165615,-4.4979076
0.31578839335009473,0.017903074726993335,0.9610389610389625,0.08704878197063305,0.32191780821917804,RoboCop,0.5087719298245614,0.1941296371789645,2.5919623,12.326758
0.2894725623250984,0.02276222675797611,0.9610389610389625,0.12108474836148476,0.32191780821917804,300: Rise of an Empire,0.5789473684210524,0.19845087647778228,2.9261713,11.171898
0.4473675484750765,0.03338864578415081,0.9610389610389625,0.256375725554414,0.5547945205479452,Captain America: The Winter Soldier,0.8421052631578947,0.47916836526701995,26.23178,2.5463774
0.01184054501138686,0.014591287008640269,0.9610389610389625,0.0009423392754272321,0.6506849315068493,The Raid 2,0.8421052631578947,0.06750917244190786,-2.0360327,-8.559186
0.5263150415500656,0.04713394726707285,0.9610389610389625,0.25312993885421636,0.595890410958904,The Amazing Spider-Man 2,0.6491228070175439,0.3481451284141867,25.08255,6.1571116
0.04473533379263231,0.010318464529836138,0.9610389610389625,0.010684854031674608,0.3972602739726028,God's Not Dead,0.5438596491228072,0.01940481043620057,-11.105085,-0.98828614
0.2710514806076009,0.01413511174754691,0.9610389610389625,0.17940986324840588,0.32191780821917804,Rio 2,0.6140350877192982,0.08096208724011414,-0.39644033,11.680434
0.6578941966750473,0.04680803780722301,0.9610389610389625,0.26824682220276314,0.5205479452054794,X-Men: Days of Future Past,0.8245614035087718,0.5015083571137382,29.637205,5.039512
0.0005247376706384273,0.000483098566183374,0.5324675324675354,0.0,0.23972602739726034,Trances,0.631578947368421,0.0,-4.2189403,-22.269468
0.3947358864250838,0.03177847200386848,0.9740259740259773,0.24474127821099217,0.5205479452054794,Mission: Impossible - Rogue Nation,0.7543859649122806,0.26661231145536074,21.262966,5.3116236
0.014472128113886495,0.012269078823211144,0.9610389610389625,0.0,0.2465753424657534,Bad Ass 2: Bad Asses,0.5087719298245614,0.005951895637994292,-21.291273,1.7395113
0.007893170357637406,0.004907061182245615,0.9350649350649363,0.0,0.1986301369863014,The Thompsons,0.28070175438596506,0.0014675907052588667,-30.406199,7.6124773
0.13157757617512028,0.019100341015613025,0.9610389610389625,0.06759109533999699,0.3904109589041096,22 Jump Street,0.7368421052631577,0.27484712596820216,9.48129,-3.3432496
0.3815779709125856,0.02157768176757216,0.9610389610389625,0.21848302578833548,0.32191780821917804,How to Train Your Dragon 2,0.8421052631578947,0.2575621687729311,18.191736,8.762289
0.5526308725750619,0.03298262998587419,0.9610389610389625,0.3914701450492016,0.7534246575342465,Transformers: Age of Extinction,0.5263157894736841,0.25536078271504276,26.886757,8.947628
0.13157757617512028,0.013028263744937705,0.9610389610389625,0.054220832142005945,0.1917808219178082,Planes: Fire & Rescue,0.5263157894736841,0.022992254382388912,-11.010503,8.238759
0.4473675484750765,0.13697885352801434,0.9610389610389625,0.2548972256911193,0.5136986301369864,Dawn of the Planet of the Apes,0.7894736842105263,0.36746840603342845,24.827541,3.40066
0.4473675484750765,0.09659095275602694,0.9610389610389625,0.2773810305609469,0.452054794520548,Guardians of the Galaxy,0.8947368421052633,0.8161434977578474,25.200594,-3.935344
0.23684090027510568,0.026142022876605105,0.9610389610389625,0.07395090597129848,0.4931506849315068,The Expendables 3,0.5789473684210524,0.14887892376681613,1.3066127,7.4288516
0.11841966066262209,0.014872881234786132,0.9610389610389625,0.030906285879181813,0.3904109589041096,Step Up All In,0.6842105263157894,0.052588666938442725,-8.592213,-7.412379
0.3289463088625929,0.040006625604555986,0.9610389610389625,0.171164266807047,0.31506849315068497,Teenage Mutant Ninja Turtles,0.5263157894736841,0.21793721973094168,3.6134708,11.871358
0.1710513227126148,0.036872767881968235,0.9610389610389625,0.014134902974127523,0.32191780821917804,Sin City: A Dame to Kill For,0.6140350877192982,0.10680799021606197,-6.888065,4.642071
0.013156336562636676,0.0025457586321603882,0.9610389610389625,0.00030369964241951786,0.3013698630136986,Atlas Shrugged Part III: Who is John Galt?,0.19298245614035087,0.0008968609865470851,-31.90149,8.920088
0.08947224653512612,0.13981720567520753,0.9610389610389625,0.12493695226822615,0.3972602739726028,The Maze Runner,0.7368421052631577,0.4513656746840603,13.532273,-3.9811232
0.01710371121638613,0.04166004521784446,0.9610389610389625,0.09156277250038605,0.3013698630136986,Annabelle,0.47368421052631576,0.12914798206278025,-18.11448,4.089702
0.05263008310013121,0.3352935697956083,0.9610389610389625,0.031837436348785955,0.31506849315068497,John Wick,0.7368421052631577,0.4480228291887484,12.899771,-3.728729
0.021051085870135582,0.011679634298743437,0.9480519480519511,0.0034542914632990883,0.34931506849315075,Wolf Creek 2,0.5438596491228072,0.01239298817774154,-12.971095,-1.4302948
0.3289463088625929,0.26807238005183154,0.9610389610389625,0.2697667314798767,0.4657534246575342,The Hunger Games: Mockingjay - Part 1,0.6666666666666665,0.4698736241337138,22.792076,0.6009893
0.09473541274012538,0.014287467528333325,0.9610389610389625,0.01880386997830436,0.3561643835616438,Dolphin Tale 2,0.6842105263157894,0.007664084794129636,-9.230881,-7.690624
0.027630043626384673,0.01147514294889352,0.9610389610389625,0.0,0.5342465753424658,Lupin the 3rd,0.4912280701754385,0.0015491235222176926,-13.668692,4.39107
0.2157882354551086,0.011591267068430333,0.9610389610389625,0.0,0.4383561643835616,The Monkey King,0.3508771929824562,0.003913575214023644,-26.081177,13.435723
0.3947358864250838,0.05911416907956979,0.9740259740259773,0.5428793986902606,0.4726027397260274,Jurassic World,0.6491228070175439,0.7205870362821035,30.704712,0.8674563
0.16052499030261627,0.0745341849599325,0.9740259740259773,0.11164305014125164,0.5273972602739726,Maze Runner: The Scorch Trials,0.6491228070175439,0.2563391765185487,9.295991,-0.6100889
0.6578941966750473,0.0571554328249974,0.9610389610389625,0.3429095265424319,0.6095890410958904,The Hobbit: The Battle of the Five Armies,0.7543859649122806,0.3978801467590705,29.17298,6.4656405
0.21315665235260897,0.05076687875703773,0.9740259740259773,0.14862149742551636,0.5136986301369864,Kingsman: The Secret Service,0.8421052631578947,0.4944965348552792,20.284266,-2.7325377
0.126314409970121,0.032225611286074,0.9610389610389625,0.11684917631108054,0.36986301369863017,Taken 3,0.5789473684210524,0.18108438646555236,-0.35140923,4.820293
0.40789380193758196,0.054357114652646116,0.9740259740259773,0.1580376809790373,0.48630136986301364,Terminator Genisys,0.5263157894736841,0.2994700366897676,6.908666,11.68026
0.009472120219137186,0.002945383618745351,0.8831168831168839,0.0,0.26027397260273977,Mostly Ghostly,0.3508771929824562,0.0004891969017529556,-28.268385,5.8804555
0.3947358864250838,0.05284639330922672,0.9740259740259773,0.1358906328370388,0.4452054794520548,Mad Max: Fury Road,0.7894736842105263,0.7847533632286995,24.953232,-3.4733737
0.6447362811625492,0.05698549134384665,0.9740259740259773,0.741839857910674,0.5547945205479452,Star Wars: The Force Awakens,0.8245614035087718,0.6513656746840603,33.401196,3.4298313
0.7368416897500364,0.0675029229006116,0.9740259740259773,0.5040965902167339,0.589041095890411,Avengers: Age of Ultron,0.7894736842105263,0.5629025682837342,32.035282,4.825715
0.3421042243750911,0.048313977010085954,0.9740259740259773,0.18626917798271553,0.4246575342465754,Ant-Man,0.7368421052631577,0.49123522217692617,21.580482,-0.96201074
0.15263024099511735,0.342587646673607,0.9870129870129887,0.2808905257284522,0.363013698630137,Deadpool,0.8070175438596492,0.9327354260089685,25.218851,-5.307068
0.5263150415500656,0.3379636311775997,1.0,0.30969402917777644,0.5616438356164384,Guardians of the Galaxy Vol. 2,0.8421052631578947,0.395760293518141,24.645544,1.8292204
0.6578941966750473,0.2658497248452113,0.9870129870129887,0.4136725027073483,0.6301369863013699,Captain America: Civil War,0.7543859649122806,0.6080717488789237,31.591429,4.144246
0.4684202132950736,0.051659526713889015,0.9870129870129887,0.1951010037881439,0.6095890410958904,X-Men: Apocalypse,0.631578947368421,0.39355890746025274,24.380663,5.5316806
0.009208961908887224,0.01016286215821323,0.9740259740259773,0.0,0.11643835616438358,Justice League: Throne of Atlantis,0.6491228070175439,0.017774154097024052,-16.296562,-9.803295
0.10526174515012392,0.0596222824819055,0.9740259740259773,0.20481107552692965,0.4794520547945206,Fifty Shades of Grey,0.4210526315789474,0.27280880554423154,2.0502765,4.525656
0.19473557063511152,0.021720268527283,0.9740259740259773,0.11176396485484397,0.26027397260273977,The SpongeBob Movie: Sponge Out of Water,0.5087719298245614,0.0594374235629841,-5.0518246,12.534308
0.09210382963762574,0.011042852798087109,0.9610389610389625,0.02979275400086816,0.23972602739726034,Stand by Me Doraemon,0.7368421052631577,0.008071748878923767,-13.989874,-10.77039
0.2894725623250984,0.050150783304751756,0.9740259740259773,0.10589738098825768,0.4383561643835616,Insurgent,0.5964912280701755,0.3193640440277211,15.162602,2.1389096
0.49999921052506924,0.04903294149736177,0.9740259740259773,0.5402683724496726,0.5616438356164384,Furious 7,0.7894736842105263,0.34643293925805135,27.226063,6.0106134
0.021051085870135582,0.011898642077553144,0.8701298701298725,0.0,0.13013698630136994,Cinderella III: A Twist in Time,0.5614035087719298,0.01956787607011822,-19.7912,-7.3478136
0.09210382963762574,0.018771848541769963,0.9740259740259773,0.029400457840094894,0.2808219178082192,Hitman: Agent 47,0.47368421052631576,0.09612719119445577,-18.75953,5.446544
0.126314409970121,0.015746764408452397,0.8831168831168839,0.0,0.15753424657534243,Tinker Bell,0.6491228070175439,0.025682837342030168,-18.12406,-10.246491
0.0010510542911383546,0.0014609640483864588,0.9220779220779249,9.038850636080436e-05,0.4383561643835616,Tanu Weds Manu,0.5789473684210524,0.0013045250713412148,-8.096489,-2.414995
0.42105171745008013,0.04784927213590528,0.9740259740259773,0.2343746211338406,0.5616438356164384,The Hunger Games: Mockingjay - Part 2,0.6666666666666665,0.335344476151651,22.7153,4.9973407
0.2894725623250984,0.032782593558247544,0.9870129870129887,0.06429308201735023,0.452054794520548,Allegiant,0.5438596491228072,0.1679576029351814,1.5956122,8.709329
0.47368337950007283,0.07421547064734192,0.9870129870129887,0.2902985893811517,0.5342465753424658,Fantastic Beasts and Where to Find Them,0.7719298245614035,0.4572360375050958,26.03621,3.6140542
0.19736715373761116,0.019305910906337674,0.9870129870129887,0.3140132353457983,0.2191780821917808,The Secret Life of Pets,0.5438596491228072,0.28797390949857316,12.674643,6.285047
0.4342096329625783,0.03023736322831224,0.9870129870129887,0.13977288912872243,0.4452054794520548,Independence Day: Resurgence,0.36842105263157904,0.2075825519771708,5.299058,14.795732
0.02894583517763449,0.006144019603090963,0.8571428571428577,0.01664168149606387,0.6301369863013699,Dhoom 2,0.5438596491228072,0.005299633102323685,-4.716526,-3.3694649
0.19473557063511152,1.0,0.9740259740259773,0.41490152347808074,0.2465753424657534,Minions,0.631578947368421,0.3852425601304525,24.032654,0.34427774
0.6447362811625492,0.0447386853037165,0.9740259740259773,0.31588437498966426,0.6369863013698631,Spectre,0.6140350877192982,0.3708112515287403,28.442678,7.9577217
0.005261587255137771,0.00679696459258528,0.9220779220779249,0.0,0.34246575342465757,Cross,0.19298245614035087,0.0007337953526294332,-32.224567,9.372927
0.01184054501138686,0.014839585398358269,0.8701298701298725,0.0,0.26027397260273977,Boogeyman 2,0.4210526315789474,0.005381165919282511,-25.76778,4.462838
0.6578941966750473,0.05663791966473305,0.9870129870129887,0.31322493888891373,0.6575342465753424,Batman v Superman: Dawn of Justice,0.5087719298245614,0.5858132898491643,30.009375,3.6398041
0.026314252075134853,0.03135079581436347,0.9740259740259773,0.01896796277922687,0.28767123287671237,Sinister 2,0.47368421052631576,0.04900122299225438,-19.946327,3.313821
0.006577378806387589,0.003059350656532692,0.9740259740259773,0.0,0.37671232876712324,The Rise of the Krays,0.2982456140350878,0.0012229922543823889,-30.659098,10.381535
0.3947358864250838,0.004978193694987514,0.9740259740259773,0.0,0.12328767123287676,Pokémon the Movie: Hoopa and the Clash of Ages,0.5964912280701755,0.002853648593558907,-3.0183299,16.213705
0.06578799861262939,0.019293789203726874,0.9740259740259773,0.026051140431659212,0.2808219178082192,The Transporter Refueled,0.43859649122807015,0.04639217284957195,-20.185587,4.55057
0.06709491909724068,0.006147511150668498,0.9350649350649363,0.014679158713582555,0.4452054794520548,La Vérité si je Mens ! 3,0.43859649122807015,0.007664084794129636,-14.700718,5.0457606
0.39210430332258417,0.5372305381704721,1.0,0.2943295275921079,0.589041095890411,Wonder Woman,0.7719298245614035,0.40937627395026494,24.232767,1.16322
0.09736699584262501,0.060319297748362755,0.9740259740259773,0.062256009520825106,0.5342465753424658,Creed,0.7894736842105263,0.15972278842233997,5.5348663,-5.2322454
0.13157757617512028,0.01773591917176309,0.9870129870129887,0.02007521552582484,0.3082191780821918,Zoolander 2,0.3333333333333334,0.066041581736649,-27.071161,11.143706
0.13157757617512028,0.013813169124473642,0.9740259740259773,0.08708363606563341,0.2808219178082192,Daddy's Home,0.5263157894736841,0.07060741948634325,-8.976851,8.321568
0.3815779709125856,0.02603783034399948,0.9870129870129887,0.18693592234356413,0.273972602739726,Kung Fu Panda 3,0.6842105263157894,0.13257236037505093,11.936433,10.246277
0.10526174515012392,0.016393815811878664,0.9870129870129887,0.04477362954868308,0.32191780821917804,Ride Along 2,0.5789473684210524,0.045902975947818996,-11.85525,2.5667734
0.15789340720011663,0.026662003884633682,0.9870129870129887,0.07380094103739399,0.3013698630136986,London Has Fallen,0.5263157894736841,0.1346922136159804,-4.7645802,10.096022
0.30263047783759656,0.030724282388441715,0.9870129870129887,0.05904025260844308,0.40410958904109595,The Huntsman: Winter's War,0.5614035087719298,0.12808805544231552,1.1110884,9.75564
0.09210382963762574,0.01729517801339074,0.9870129870129887,0.039010001060318156,0.2465753424657534,Neighbors 2: Sorority Rising,0.4912280701754385,0.12115776600081532,-18.171064,5.8359885
0.5263150415500656,0.02563772641214472,0.9870129870129887,0.36893248548775676,0.28767123287671237,Finding Dory,0.7017543859649122,0.3529555646147574,22.342875,10.008297
0.4473675484750765,0.025890731992968558,0.9870129870129887,0.1073794235788434,0.3972602739726028,Alice Through the Looking Glass,0.6491228070175439,0.14496534855279247,9.472478,11.113016
0.23684090027510568,0.07145373329099798,0.9870129870129887,0.12012393503835868,0.5068493150684932,Now You See Me 2,0.6842105263157894,0.27378719934773743,10.326175,-0.24556567
0.35526213988758926,0.023023816792948695,0.9870129870129887,0.08810147915600494,0.3904109589041096,Teenage Mutant Ninja Turtles: Out of the Shadows,0.5263157894736841,0.0799021606196494,0.7847168,13.707119
0.10526174515012392,0.026167198579870973,0.9870129870129887,0.11484003493907453,0.5410958904109588,The Conjuring 2,0.7368421052631577,0.1642070933550754,5.5630884,-5.0050554
0.378946387810086,0.030546123888253778,0.9870129870129887,0.08219167093178165,0.4178082191780822,Ghostbusters,0.43859649122807015,0.1792906644924582,4.499142,14.327428
0.31578839335009473,0.03414828954275797,0.9870129870129887,0.14902801901550497,0.4657534246575342,Jason Bourne,0.5438596491228072,0.19421116999592333,4.488124,9.429579
0.026314252075134853,0.0232635161042349,0.9870129870129887,0.04253564026069168,0.34246575342465757,The Purge: Election Year,0.5789473684210524,0.11023236852833265,-14.156506,0.5742457
0.2763146468126002,0.036008829220774106,0.9870129870129887,0.14655098799664415,0.3082191780821918,Ice Age: Collision Course,0.4912280701754385,0.09506726457399103,-1.672776,12.8073845
0.019735294318885765,0.00013643724868946496,0.8311688311688314,0.0012007492545763002,0.37671232876712324,The Work and the Glory,0.5789473684210524,0.00024459845087647776,-9.9713545,-3.3056984
0.013156336562636676,0.020928096707107956,0.9870129870129887,0.01620285498216499,0.23972602739726034,Blair Witch,0.36842105263157904,0.04777823073787199,-28.723951,9.325611
0.19736715373761116,0.03264527519650448,0.9870129870129887,0.07891822606600668,0.452054794520548,Inferno,0.5087719298245614,0.1885038728088055,0.48137698,6.979309
0.02368266897263522,0.017786857377652097,0.9870129870129887,0.029306588658870102,0.3013698630136986,Ouija: Origin of Evil,0.5263157894736841,0.05960048919690175,-18.5656,2.5481033
0.15789340720011663,0.027699646123792467,0.9870129870129887,0.058159292150418526,0.43150684931506844,Jack Reacher: Never Go Back,0.43859649122807015,0.14993885038728086,-0.3199685,7.0618486
0.06841958171512902,0.01280763084267437,0.9870129870129887,0.006378192497071252,0.2191780821917808,Bad Santa 2,0.3859649122807018,0.017284957195271098,-28.147846,8.917889
0.5263150415500656,0.06601884151679817,0.9870129870129887,0.37879142673783417,0.5342465753424658,Rogue One: A Star Wars Story,0.8070175438596492,0.41638809620872397,27.033916,4.801109
0.09210382963762574,0.035787130573883705,0.9870129870129887,0.02908691840444127,0.2465753424657534,Underworld: Blood Wars,0.4210526315789474,0.13167549938850384,-18.808702,6.4499836
0.2236829847626075,0.03192725031941445,1.0,0.12415781661472435,0.3561643835616438,xXx: Return of Xander Cage,0.47368421052631576,0.12172849571952711,-2.1231313,11.977559
0.21052506925010933,0.030377951945351745,1.0,0.11189178281126731,0.3356164383561644,The Lego Batman Movie,0.7719298245614035,0.11977170811251528,5.8988085,-2.0749648
0.06578799861262939,0.044024208643300804,1.0,0.02979983156439003,0.32191780821917804,Rings,0.3508771929824562,0.08732164696290257,-27.873049,11.079772
0.10526174515012392,0.08919820218423759,1.0,0.06152870701282207,0.45890410958904115,John Wick: Chapter 2,0.6842105263157894,0.2380758255197717,8.673682,-2.022469
0.25526198199260314,0.09894984229940938,1.0,0.22123727835620488,0.5616438356164384,Logan,0.8421052631578947,0.5141459437423562,21.074327,-2.7326124
0.14473549168761846,0.052423501088313555,1.0,0.1358795688534388,0.43150684931506844,Fifty Shades Darker,0.5614035087719298,0.19054219323277619,0.40295693,5.3954444
0.013156336562636676,0.0032999585014032115,1.0,0.0,0.3082191780821918,Bad Kids of Crestview Academy,0.3508771929824562,0.0007337953526294332,-29.57169,10.169262
0.25526198199260314,0.13240669391165727,1.0,0.08335120266877287,0.45890410958904115,Alien: Covenant,0.5087719298245614,0.21793721973094168,2.2558665,7.8981047
0.03157741828013413,0.01914145170329427,0.8181818181818201,0.0,0.23287671232876717,Inspector Gadget 2,0.19298245614035087,0.007174887892376682,-32.54703,6.789879
0.6578941966750473,0.08796570782579242,1.0,0.44432578111405885,0.5547945205479452,The Fate of the Furious,0.7017543859649122,0.30974317162657966,28.148712,7.055541
0.46052546398757466,0.03417557479885341,1.0,0.12560058898614176,0.36986301369863017,Cars 3,0.6666666666666665,0.05821443130860171,9.85315,10.986645
0.21052506925010933,0.06613573341119497,1.0,0.36588097489328425,0.2808219178082192,Despicable Me 3,0.5964912280701755,0.16290256828373417,12.258343,7.199837
0.39999905263008306,0.26636093676751765,1.0,0.13268027089895906,0.5821917808219178,War for the Planet of the Apes,0.6842105263157894,0.1362413371381981,11.529648,15.9525175
0.04210375069013267,0.011018377232372128,0.7792207792207826,0.024538067323366018,0.26027397260273977,Pokémon: Spell of the Unknown,0.5614035087719298,0.01141459437423563,-22.139067,-5.962717
0.6842100277000437,0.07080691222002972,1.0,0.2169833997637862,0.6438356164383561,Transformers: The Last Knight,0.5964912280701755,0.11708112515287403,27.934029,10.137421
